corp_code,corp_name,stock_code,corp_cls,report_nm,rcept_no,flr_nm,rcept_dt,rm
01437186,ESR켄달스퀘어리츠,365550,Y,주주총회소집공고,20250812000663,ESR켄달스퀘어리츠,2025-08-12,
00210856,코아스,071950,Y,임원ㆍ주요주주특정증권등거래계획보고서,20250812000662,민경중,2025-08-12,
00684714,풍산,103140,Y,최대주주등소유주식변동신고서              ,20250812800481,풍산,2025-08-12,유
01702017,유니드비티플러스,446070,Y,지급수단별ㆍ지급기간별지급금액및분쟁조정기구에관한사항,20250812000661,유니드비티플러스,2025-08-12,공
00210856,코아스,071950,Y,임원ㆍ주요주주특정증권등거래계획보고서,20250812000660,노병구,2025-08-12,
00299002,HL홀딩스,060980,Y,주식소각결정              ,20250812800412,HL홀딩스,2025-08-12,유
00153861,태영건설,009410,Y,지급수단별ㆍ지급기간별지급금액및분쟁조정기구에관한사항,20250812000647,태영건설,2025-08-12,공
00651901,에어부산,298690,Y,반기보고서 (2025.06),20250812000646,에어부산,2025-08-12,
00107613,이수페타시스,007660,Y,기업설명회(IR)개최(안내공시)              ,20250812800443,이수페타시스,2025-08-12,유
00164724,현대엘리베이터,017800,Y,현금ㆍ현물배당을위한주주명부폐쇄(기준일)결정              ,20250812800453,현대엘리베이터,2025-08-12,유
01032413,해성디에스,195870,Y,[기재정정]신규시설투자등              ,20250812800437,해성디에스,2025-08-12,유
01026157,쏘카,403550,Y,주주총회소집결의              ,20250812800413,쏘카,2025-08-12,유
00139834,LG씨엔에스,064400,Y,기업설명회(IR)개최(안내공시)              ,20250812800426,LG씨엔에스,2025-08-12,유
00861076,케이탑리츠,145270,Y,부동산투자회사자금차입              ,20250812800417,케이탑리츠,2025-08-12,유
00861076,케이탑리츠,145270,Y,부동산투자회사자금차입              ,20250812800409,케이탑리츠,2025-08-12,유
01519790,엠앤씨솔루션,484870,Y,기업설명회(IR)개최(안내공시)              ,20250812800361,엠앤씨솔루션,2025-08-12,유
00350312,HDC랩스,039570,Y,반기보고서 (2025.06),20250812000642,HDC랩스,2025-08-12,
00110893,대신증권,003540,Y,증권발행실적보고서,20250812000637,대신증권,2025-08-12,
00258801,카카오,035720,Y,임원ㆍ주요주주특정증권등소유상황보고서,20250812000633,정신아,2025-08-12,
01205851,HD현대일렉트릭,267260,Y,지급수단별ㆍ지급기간별지급금액및분쟁조정기구에관한사항,20250812000632,HD현대일렉트릭,2025-08-12,공
00110893,대신증권,003540,Y,증권발행실적보고서,20250812000631,대신증권,2025-08-12,
00138057,써니전자,004770,Y,주요사항보고서(자기주식취득신탁계약해지결정),20250812000614,써니전자,2025-08-12,
00110893,대신증권,003540,Y,증권발행실적보고서,20250812000629,대신증권,2025-08-12,
00980122,JB금융지주,175330,Y,투자설명서(일괄신고),20250812000627,JB금융지주,2025-08-12,
00110893,대신증권,003540,Y,증권발행실적보고서,20250812000625,대신증권,2025-08-12,
00980122,JB금융지주,175330,Y,일괄신고추가서류,20250812000620,JB금융지주,2025-08-12,
01350869,우리금융지주,316140,Y,증권발행실적보고서,20250812000610,우리금융지주,2025-08-12,
00126955,삼양식품,003230,Y,주식등의대량보유상황보고서(일반),20250812000604,삼양라운드스퀘어,2025-08-12,
00299002,HL홀딩스,060980,Y,신탁계약해지결과보고서,20250812000599,HL홀딩스,2025-08-12,
00861076,케이탑리츠,145270,Y,반기보고서 (2025.06),20250812000597,케이탑리츠,2025-08-12,
01204056,하이브,352820,Y,동일인등출자계열회사와의상품ㆍ용역거래변경,20250812000594,하이브,2025-08-12,공
00145437,아센디오,012170,Y,주주총회소집결의              ,20250812800371,아센디오,2025-08-12,유
01204056,하이브,352820,Y,동일인등출자계열회사와의상품ㆍ용역거래변경,20250812000591,하이브,2025-08-12,공
00309503,한국항공우주,047810,Y,지급수단별ㆍ지급기간별지급금액및분쟁조정기구에관한사항,20250812000588,한국항공우주,2025-08-12,공
01026157,쏘카,403550,Y,연결재무제표기준영업(잠정)실적(공정공시)              ,20250812800347,쏘카,2025-08-12,유
01204056,하이브,352820,Y,지급수단별ㆍ지급기간별지급금액및분쟁조정기구에관한사항,20250812000586,하이브,2025-08-12,공
00339391,한화시스템,272210,Y,지급수단별ㆍ지급기간별지급금액및분쟁조정기구에관한사항,20250812000584,한화시스템,2025-08-12,공
00587466,KPX홀딩스,092230,Y,최대주주등소유주식변동신고서              ,20250812800380,KPX홀딩스,2025-08-12,유
00138057,써니전자,004770,Y,신탁계약해지결과보고서,20250812000581,써니전자,2025-08-12,
00159698,지역난방공사,071320,Y,반기보고서 (2025.06),20250812000578,지역난방공사,2025-08-12,
00350312,HDC랩스,039570,Y,[기재정정]사업보고서 (2024.12),20250812000577,HDC랩스,2025-08-12,연
00126955,삼양식품,003230,Y,현금ㆍ현물배당결정              ,20250812800367,삼양식품,2025-08-12,유
01319899,SK바이오사이언스,302440,Y,반기보고서 (2025.06),20250812000574,SK바이오사이언스,2025-08-12,
00126955,삼양식품,003230,Y,현금ㆍ현물배당을위한주주명부폐쇄(기준일)결정              ,20250812800357,삼양식품,2025-08-12,유
00234412,신세계인터내셔날,031430,Y,동일인등출자계열회사와의상품ㆍ용역거래변경,20250812000567,신세계인터내셔날,2025-08-12,공
00149646,기업은행,024110,Y,[기재정정]주요사항보고서(상각형조건부자본증권발행결정),20250812000544,기업은행,2025-08-12,
00296290,키움증권,039490,Y,[기재정정]일괄신고서(기타파생결합사채),20250812000302,키움증권,2025-08-12,
00296290,키움증권,039490,Y,[기재정정]일괄신고서(기타파생결합증권),20250812000298,키움증권,2025-08-12,
00296290,키움증권,039490,Y,[기재정정]일괄신고서(파생결합사채-주가연계파생결합사채),20250812000296,키움증권,2025-08-12,
00296290,키움증권,039490,Y,[기재정정]일괄신고서(파생결합증권-주가연계증권),20250812000292,키움증권,2025-08-12,
00105952,LS,006260,Y,주식소각결정              ,20250812800297,LS,2025-08-12,유
01180118,코람코더원리츠,417310,Y,사업보고서 (2025.05),20250812000526,코람코더원리츠,2025-08-12,
00118345,디아이동일,001530,Y,소액공모실적보고서(합병등),20250812000524,디아이동일,2025-08-12,
01310269,HDC현대산업개발,294870,Y,반기보고서 (2025.06),20250812000523,HDC현대산업개발,2025-08-12,
00118345,디아이동일,001530,Y,합병등종료보고서(합병),20250812000522,디아이동일,2025-08-12,
00299002,HL홀딩스,060980,Y,주요사항보고서(자기주식취득신탁계약해지결정),20250812000503,HL홀딩스,2025-08-12,
00173795,신흥,004080,Y,최대주주등소유주식변동신고서              ,20250812800302,신흥,2025-08-12,유
01310269,HDC현대산업개발,294870,Y,[기재정정]사업보고서 (2024.12),20250812000514,HDC현대산업개발,2025-08-12,연
00111722,미래에셋증권,006800,Y,증권발행실적보고서,20250812000513,미래에셋증권,2025-08-12,
00401731,LG전자,066570,Y,지급수단별ㆍ지급기간별지급금액및분쟁조정기구에관한사항,20250812000511,LG전자,2025-08-12,공
00105952,LS,006260,Y,수시공시의무관련사항(공정공시)              ,20250812800290,LS,2025-08-12,유
00134723,페이퍼코리아,001020,Y,주주총회소집결의              ,20250812800282,페이퍼코리아,2025-08-12,유
00111722,미래에셋증권,006800,Y,증권발행실적보고서,20250812000496,미래에셋증권,2025-08-12,
00134723,페이퍼코리아,001020,Y,주주명부폐쇄기간또는기준일설정              ,20250812800277,페이퍼코리아,2025-08-12,유
00454946,그린케미칼,083420,Y,신규시설투자등              ,20250812800274,그린케미칼,2025-08-12,유
00299002,HL홀딩스,060980,Y,[기재정정]주요사항보고서(자기주식취득신탁계약체결결정),20250812000473,HL홀딩스,2025-08-12,
00583424,아모레퍼시픽,090430,Y,동일인등출자계열회사와의상품ㆍ용역거래변경,20250812000485,아모레퍼시픽,2025-08-12,공
00140955,한솔케미칼,014680,Y,자기주식취득결과보고서,20250812000479,한솔케미칼,2025-08-12,
00138190,GS글로벌,001250,Y,동일인등출자계열회사와의상품ㆍ용역거래변경,20250812000468,GS글로벌,2025-08-12,공
00126380,삼성전자,005930,Y,임원ㆍ주요주주특정증권등소유상황보고서,20250812000466,손호민,2025-08-12,
00138190,GS글로벌,001250,Y,동일인등출자계열회사와의상품ㆍ용역거래변경,20250812000459,GS글로벌,2025-08-12,공
00138190,GS글로벌,001250,Y,동일인등출자계열회사와의상품ㆍ용역거래변경,20250812000454,GS글로벌,2025-08-12,공
00138190,GS글로벌,001250,Y,동일인등출자계열회사와의상품ㆍ용역거래변경,20250812000423,GS글로벌,2025-08-12,공
00164742,현대자동차,005380,Y,기업설명회(IR)개최(안내공시)              ,20250812800238,현대자동차,2025-08-12,유
00120182,NH투자증권,005940,Y,증권발행실적보고서,20250812000419,NH투자증권,2025-08-12,
00296290,키움증권,039490,Y,[기재정정]일괄신고서,20250812000416,키움증권,2025-08-12,
00155319,POSCO홀딩스,005490,Y,전환가액ㆍ신주인수권행사가액ㆍ교환가액의조정(안내공시)              ,20250812800225,POSCO홀딩스,2025-08-12,유
00176914,다우기술,023590,Y,지급수단별ㆍ지급기간별지급금액및분쟁조정기구에관한사항,20250812000388,다우기술,2025-08-12,공
00155319,POSCO홀딩스,005490,Y,현금ㆍ현물배당결정              ,20250812800213,POSCO홀딩스,2025-08-12,유
00138190,GS글로벌,001250,Y,지급수단별ㆍ지급기간별지급금액및분쟁조정기구에관한사항,20250812000384,GS글로벌,2025-08-12,공
00152686,코리아써키트,007810,Y,지급수단별ㆍ지급기간별지급금액및분쟁조정기구에관한사항,20250812000364,코리아써키트,2025-08-12,공
00159193,한국전력공사,015760,Y,연결재무제표기준영업(잠정)실적(공정공시)              ,20250812800202,한국전력공사,2025-08-12,유
00155319,POSCO홀딩스,005490,Y,현금ㆍ현물배당을위한주주명부폐쇄(기준일)결정              ,20250812800196,POSCO홀딩스,2025-08-12,유
00855163,미원화학,134380,Y,최대주주등소유주식변동신고서              ,20250812800204,미원화학,2025-08-12,유
00153393,태광산업,003240,Y,지급수단별ㆍ지급기간별지급금액및분쟁조정기구에관한사항,20250812000333,태광산업,2025-08-12,공
00191472,KPX케미칼,025000,Y,최대주주등소유주식변동신고서              ,20250812800186,KPX케미칼,2025-08-12,유
00113544,대한화섬,003830,Y,지급수단별ㆍ지급기간별지급금액및분쟁조정기구에관한사항,20250812000304,대한화섬,2025-08-12,공
00872984,이마트,139480,Y,영업(잠정)실적(공정공시)              ,20250812800169,이마트,2025-08-12,유
00872984,이마트,139480,Y,연결재무제표기준영업(잠정)실적(공정공시)              ,20250812800166,이마트,2025-08-12,유
00260408,팜스코,036580,Y,지급수단별ㆍ지급기간별지급금액및분쟁조정기구에관한사항,20250812000269,팜스코,2025-08-12,공
01263022,BGF리테일,282330,Y,지급수단별ㆍ지급기간별지급금액및분쟁조정기구에관한사항,20250812000265,BGF리테일,2025-08-12,공
00106313,금호건설,002990,Y,연결재무제표기준영업(잠정)실적(공정공시)              ,20250812800146,금호건설,2025-08-12,유
00261285,한국가스공사,036460,Y,[기재정정]단일판매ㆍ공급계약체결              ,20250812800153,한국가스공사,2025-08-12,유
00148948,조비,001550,Y,주식등의대량보유상황보고서(일반),20250812000232,경농,2025-08-12,
00138190,GS글로벌,001250,Y,연결재무제표기준영업(잠정)실적(공정공시)              ,20250812800129,GS글로벌,2025-08-12,유
00101433,경농,002100,Y,임원ㆍ주요주주특정증권등소유상황보고서,20250812000190,이재연,2025-08-12,
00357935,HDC현대EP,089470,Y,[첨부정정]사업보고서 (2024.12),20250812000172,HDC현대EP,2025-08-12,연
00357935,HDC현대EP,089470,Y,[기재정정]사업보고서 (2024.12),20250812000160,HDC현대EP,2025-08-12,정연
00111722,미래에셋증권,006800,Y,일괄신고서(기타파생결합사채),20250812000027,미래에셋증권,2025-08-12,
00111722,미래에셋증권,006800,Y,일괄신고서(파생결합사채-주가연계파생결합사채),20250812000018,미래에셋증권,2025-08-12,
00130879,서울식품공업,004410,Y,주요사항보고서(제3자의전환사채매수선택권행사),20250812000116,서울식품공업,2025-08-12,
00129013,CJ씨푸드,011150,Y,연결재무제표기준영업(잠정)실적(공정공시)              ,20250812800079,CJ씨푸드,2025-08-12,유
00646732,진양홀딩스,100250,Y,최대주주등소유주식변동신고서              ,20250812800073,진양홀딩스,2025-08-12,유
00936787,애경케미칼,161000,Y,지급수단별ㆍ지급기간별지급금액및분쟁조정기구에관한사항,20250812000055,애경케미칼,2025-08-12,공
00266961,NAVER,035420,Y,지급수단별ㆍ지급기간별지급금액및분쟁조정기구에관한사항,20250812000052,NAVER,2025-08-12,공
00635134,CJ제일제당,097950,Y,연결재무제표기준영업(잠정)실적(공정공시)              ,20250812800044,CJ제일제당,2025-08-12,유
00261443,엔씨소프트,036570,Y,연결재무제표기준영업(잠정)실적(공정공시)              ,20250812800027,엔씨소프트,2025-08-12,유
00983271,NHN,181710,Y,연결재무제표기준영업(잠정)실적(공정공시)              ,20250812800014,NHN,2025-08-12,유
00159193,한국전력공사,015760,Y,[기재정정]타인에대한채무보증결정              ,20250812800017,한국전력공사,2025-08-12,유
00983271,NHN,181710,Y,영업(잠정)실적(공정공시)              ,20250812800012,NHN,2025-08-12,유
00983271,NHN,181710,Y,수시공시의무관련사항(공정공시)              ,20250812800010,NHN,2025-08-12,유
00983271,NHN,181710,Y,주주총회소집결의              ,20250812800008,NHN,2025-08-12,유
00983271,NHN,181710,Y,주주명부폐쇄기간또는기준일설정              ,20250812800006,NHN,2025-08-12,유
01437186,ESR켄달스퀘어리츠,365550,Y,[기재정정]매출액또는손익구조30%(대규모법인은15%)이상변경              ,20250812800004,ESR켄달스퀘어리츠,2025-08-12,유
00101220,KG케미칼,001390,Y,[기재정정]주요사항보고서(자기주식취득결정),20250812000002,KG케미칼,2025-08-12,
00633835,HJ중공업,097230,Y,투자판단관련주요경영사항              ,20250812800001,HJ중공업,2025-08-12,유
00983271,NHN,181710,Y,[기재정정]주식매수선택권부여에관한신고,20250812000001,NHN,2025-08-12,
01035289,스타에스엠리츠,204210,Y,[기재정정]의결권대리행사권유참고서류,20250811000579,스타에스엠리츠,2025-08-12,
01035289,스타에스엠리츠,204210,Y,[기재정정]주주총회소집공고,20250811000578,스타에스엠리츠,2025-08-12,
01035289,스타에스엠리츠,204210,Y,[기재정정]주주총회소집결의              ,20250811800783,스타에스엠리츠,2025-08-11,유
01562589,LX홀딩스,383800,Y,연결재무제표기준영업(잠정)실적(공정공시)              ,20250811800780,LX홀딩스,2025-08-11,유
01497869,티와이홀딩스,363280,Y,투자판단관련주요경영사항(자회사의 주요경영사항)              ,20250811800781,티와이홀딩스,2025-08-11,유
00776820,영원무역,111770,Y,수시공시의무관련사항(공정공시)              ,20250811800786,영원무역,2025-08-11,유
00153861,태영건설,009410,Y,투자판단관련주요경영사항              ,20250811800772,태영건설,2025-08-11,유
00776820,영원무역,111770,Y,기업가치제고계획(자율공시)              ,20250811800757,영원무역,2025-08-11,유
00116268,동성제약,002210,Y,[기재정정]의결권대리행사권유참고서류,20250811000571,나원균,2025-08-11,
00116268,동성제약,002210,Y,[기재정정]주주총회소집결의              ,20250811800769,동성제약,2025-08-11,유
00126937,삼양홀딩스,000070,Y,증권신고서(분할),20250811000566,삼양홀딩스,2025-08-11,
00130684,서울도시가스,017390,Y,주요사항보고서(자기주식취득신탁계약해지결정),20250811000555,서울도시가스,2025-08-11,
00170558,코웨이,021240,Y,신탁계약에의한취득상황보고서,20250811000565,코웨이,2025-08-11,
00128980,삼호개발,010960,Y,[기재정정]단일판매ㆍ공급계약체결              ,20250811800756,삼호개발,2025-08-11,유
00155276,포스코퓨처엠,003670,Y,단일판매ㆍ공급계약해지              ,20250811800750,포스코퓨처엠,2025-08-11,유
00139889,SKC,011790,Y,지급수단별ㆍ지급기간별지급금액및분쟁조정기구에관한사항,20250811000560,SKC,2025-08-11,공
00101220,KG케미칼,001390,Y,주식소각결정              ,20250811800733,KG케미칼,2025-08-11,유
01765256,동국씨엠,460850,Y,[기재정정]타인에대한채무보증결정              ,20250811800735,동국씨엠,2025-08-11,유
01276594,신한알파리츠,293940,Y,기타경영사항(자율공시)              ,20250811800743,신한알파리츠,2025-08-11,유
00139889,SKC,011790,Y,주요사항보고서(자기주식처분결정),20250811000549,SKC,2025-08-11,
00115694,DB증권,016610,Y,단기차입금증가결정              ,20250811800744,DB증권,2025-08-11,유
01386916,SK아이이테크놀로지,361610,Y,주식등의대량보유상황보고서(약식),20250811000551,미래에셋증권,2025-08-11,
01437186,ESR켄달스퀘어리츠,365550,Y,[기재정정]주주총회소집결의              ,20250811800729,ESR켄달스퀘어리츠,2025-08-11,유
00139889,SKC,011790,Y,주요사항보고서(자본으로인정되는채무증권발행결정),20250811000546,SKC,2025-08-11,
00139889,SKC,011790,Y,주요사항보고서(교환사채권발행결정),20250811000519,SKC,2025-08-11,
00106313,금호건설,002990,Y,기업설명회(IR)개최(안내공시)              ,20250811800714,금호건설,2025-08-11,유
00101220,KG케미칼,001390,Y,주요사항보고서(자기주식취득결정),20250811000531,KG케미칼,2025-08-11,정
00500254,GS,078930,Y,기업설명회(IR)개최(안내공시)              ,20250811800728,GS,2025-08-11,유
00115384,동방아그로,007590,Y,[기재정정]주요사항보고서(자기주식처분결정),20250811000534,동방아그로,2025-08-11,
00500254,GS,078930,Y,기업설명회(IR)개최(안내공시)              ,20250811800725,GS,2025-08-11,유
00111722,미래에셋증권,006800,Y,투자설명서(일괄신고),20250811000535,미래에셋증권,2025-08-11,
01436628,이지스레지던스리츠,350520,Y,매출액또는손익구조30%(대규모법인은15%)이상변경              ,20250811800681,이지스레지던스리츠,2025-08-11,유
00111722,미래에셋증권,006800,Y,일괄신고추가서류(파생결합증권-주식워런트증권),20250811000529,미래에셋증권,2025-08-11,
00111722,미래에셋증권,006800,Y,투자설명서(일괄신고),20250811000528,미래에셋증권,2025-08-11,
00296290,키움증권,039490,Y,반기보고서 (2025.06),20250811000522,키움증권,2025-08-11,
00593032,LF,093050,Y,금전대여결정              ,20250811800665,LF,2025-08-11,유
00117188,효성,004800,Y,단일판매ㆍ공급계약체결(자회사의 주요경영사항)              ,20250811800676,효성,2025-08-11,유
00139214,삼성화재해상보험,000810,Y,임원ㆍ주요주주특정증권등소유상황보고서,20250811000517,오정구,2025-08-11,
00120021,LG,003550,Y,지급수단별ㆍ지급기간별지급금액및분쟁조정기구에관한사항,20250811000516,LG,2025-08-11,공
00110893,대신증권,003540,Y,투자설명서(일괄신고),20250811000513,대신증권,2025-08-11,
00111722,미래에셋증권,006800,Y,일괄신고추가서류(파생결합증권-주식워런트증권),20250811000512,미래에셋증권,2025-08-11,
00432102,한국금융지주,071050,Y,주요사항보고서(자본으로인정되는채무증권발행결정),20250811000510,한국금융지주,2025-08-11,
01867758,한화비전,489790,Y,주식등의대량보유상황보고서(약식),20250811000508,OrbisInvestmentManagementLimited,2025-08-11,
00125080,AK홀딩스,006840,Y,지급수단별ㆍ지급기간별지급금액및분쟁조정기구에관한사항,20250811000507,AK홀딩스,2025-08-11,공
00302926,현대로템,064350,Y,기업설명회(IR)개최(안내공시)              ,20250811800678,현대로템,2025-08-11,유
00203290,콜마홀딩스,024720,Y,결산실적공시예고(안내공시)              ,20250811800673,콜마홀딩스,2025-08-11,유
00130684,서울도시가스,017390,Y,[첨부정정]주요사항보고서(자기주식취득신탁계약체결결정),20250811000486,서울도시가스,2025-08-11,
00148610,한화투자증권,003530,Y,증권발행실적보고서,20250811000501,한화투자증권,2025-08-11,
00164788,현대모비스,012330,Y,[기재정정]현금ㆍ현물배당결정              ,20250811800666,현대모비스,2025-08-11,유
01026157,쏘카,403550,Y,기업설명회(IR)개최(안내공시)              ,20250811800652,쏘카,2025-08-11,유
00126937,삼양홀딩스,000070,Y,[기재정정]주요사항보고서(회사분할결정),20250811000467,삼양홀딩스,2025-08-11,
00124504,포스코인터내셔널,047050,Y,[기재정정]특수관계인에대한출자,20250811000478,포스코인터내셔널,2025-08-11,공
00593032,LF,093050,Y,[기재정정]타법인주식및출자증권취득결정(자율공시)(종속회사의주요경영사항)              ,20250811800626,LF,2025-08-11,유
01430475,코람코라이프인프라리츠,357120,Y,감사보고서제출              ,20250811800612,코람코라이프인프라리츠,2025-08-11,유
01244601,카카오페이,377300,Y,기업설명회(IR)개최(안내공시)              ,20250811800572,카카오페이,2025-08-11,유
01350869,우리금융지주,316140,Y,투자설명서(일괄신고),20250811000468,우리금융지주,2025-08-11,
00635134,CJ제일제당,097950,Y,동일인등출자계열회사와의상품ㆍ용역거래,20250811000465,CJ제일제당,2025-08-11,공
01350869,우리금융지주,316140,Y,일괄신고추가서류,20250811000461,우리금융지주,2025-08-11,
00104856,삼성증권,016360,Y,[기재정정]증권발행실적보고서,20250811000459,삼성증권,2025-08-11,
00428729,대호에이엘,069460,Y,주식등의대량보유상황보고서(약식),20250811000456,상상인저축은행,2025-08-11,
00137997,현대차증권,001500,Y,증권발행실적보고서,20250811000455,현대차증권,2025-08-11,
00104856,삼성증권,016360,Y,[기재정정]투자설명서(일괄신고),20250811000453,삼성증권,2025-08-11,
00112332,미래에셋생명,085620,Y,기업설명회(IR)개최(안내공시)              ,20250811800600,미래에셋생명,2025-08-11,유
00112332,미래에셋생명,085620,Y,최대주주등소유주식변동신고서              ,20250811800598,미래에셋생명,2025-08-11,유
00106395,금호전기,001210,Y,임원ㆍ주요주주특정증권등소유상황보고서,20250811000452,민수정,2025-08-11,
00104856,삼성증권,016360,Y,[기재정정]일괄신고추가서류(파생결합증권-상장지수증권),20250811000451,삼성증권,2025-08-11,
00104856,삼성증권,016360,Y,[기재정정]증권발행실적보고서,20250811000443,삼성증권,2025-08-11,
00544452,이리츠코크렙,088260,Y,지급수단별ㆍ지급기간별지급금액및분쟁조정기구에관한사항,20250811000442,이리츠코크렙,2025-08-11,공
00161426,한미사이언스,008930,Y,임원ㆍ주요주주특정증권등소유상황보고서,20250811000440,배명호,2025-08-11,
00148540,CJ,001040,Y,현금ㆍ현물배당을위한주주명부폐쇄(기준일)결정(자회사의 주요경영사항)              ,20250811800557,CJ,2025-08-11,유
00148540,CJ,001040,Y,현금ㆍ현물배당결정(자회사의 주요경영사항)              ,20250811800565,CJ,2025-08-11,유
00104856,삼성증권,016360,Y,[기재정정]투자설명서(일괄신고),20250811000437,삼성증권,2025-08-11,
01885222,대신밸류리츠,0030R0,Y,사업보고서 (2025.05),20250811000434,대신밸류리츠,2025-08-11,연
00115384,동방아그로,007590,Y,주요사항보고서(자기주식처분결정),20250811000392,동방아그로,2025-08-11,정
00635134,CJ제일제당,097950,Y,현금ㆍ현물배당결정              ,20250811800564,CJ제일제당,2025-08-11,유
00130684,서울도시가스,017390,Y,신탁계약해지결과보고서,20250811000431,서울도시가스,2025-08-11,
00110893,대신증권,003540,Y,지급수단별ㆍ지급기간별지급금액및분쟁조정기구에관한사항,20250811000430,대신증권,2025-08-11,공
00170558,코웨이,021240,Y,기업설명회(IR)개최(안내공시)              ,20250811800559,코웨이,2025-08-11,유
00635134,CJ제일제당,097950,Y,현금ㆍ현물배당을위한주주명부폐쇄(기준일)결정              ,20250811800556,CJ제일제당,2025-08-11,유
00104856,삼성증권,016360,Y,[기재정정]일괄신고추가서류(파생결합증권-상장지수증권),20250811000426,삼성증권,2025-08-11,
00137997,현대차증권,001500,Y,증권발행실적보고서,20250811000425,현대차증권,2025-08-11,
00115384,동방아그로,007590,Y,주요사항보고서(교환사채권발행결정),20250811000387,동방아그로,2025-08-11,
00109693,DL,000210,Y,특수관계인에대한출자,20250811000422,DL,2025-08-11,공
00104856,삼성증권,016360,Y,[기재정정]증권발행실적보고서,20250811000420,삼성증권,2025-08-11,
00260408,팜스코,036580,Y,동일인등출자계열회사와의상품ㆍ용역거래,20250811000419,팜스코,2025-08-11,공
00104856,삼성증권,016360,Y,[기재정정]투자설명서(일괄신고),20250811000418,삼성증권,2025-08-11,
00104856,삼성증권,016360,Y,[기재정정]일괄신고추가서류(파생결합증권-상장지수증권),20250811000417,삼성증권,2025-08-11,
00104856,삼성증권,016360,Y,[기재정정]증권발행실적보고서,20250811000412,삼성증권,2025-08-11,
00104856,삼성증권,016360,Y,[기재정정]투자설명서(일괄신고),20250811000411,삼성증권,2025-08-11,
00104856,삼성증권,016360,Y,[기재정정]일괄신고추가서류(파생결합증권-상장지수증권),20250811000406,삼성증권,2025-08-11,
00111111,대양금속,009190,Y,소송등의판결ㆍ결정              ,20250811800500,대양금속,2025-08-11,유
00104856,삼성증권,016360,Y,[기재정정]증권발행실적보고서,20250811000403,삼성증권,2025-08-11,
00104856,삼성증권,016360,Y,[기재정정]투자설명서(일괄신고),20250811000400,삼성증권,2025-08-11,
00225159,SNT홀딩스,036530,Y,주식등의대량보유상황보고서(일반),20250811000398,최평규,2025-08-11,
00104856,삼성증권,016360,Y,[기재정정]일괄신고추가서류(파생결합증권-상장지수증권),20250811000396,삼성증권,2025-08-11,
00111111,대양금속,009190,Y,전환가액ㆍ신주인수권행사가액ㆍ교환가액의조정(안내공시)              ,20250811800496,대양금속,2025-08-11,유
00225159,SNT홀딩스,036530,Y,최대주주등소유주식변동신고서              ,20250811800522,SNT홀딩스,2025-08-11,유
01437186,ESR켄달스퀘어리츠,365550,Y,주주총회소집결의              ,20250811800504,ESR켄달스퀘어리츠,2025-08-11,유정
00104856,삼성증권,016360,Y,[기재정정]증권발행실적보고서,20250811000394,삼성증권,2025-08-11,
00126937,삼양홀딩스,000070,Y,주식소각결정              ,20250811800481,삼양홀딩스,2025-08-11,유
00124197,세아제강지주,003030,Y,타인에대한채무보증결정              ,20250811800498,세아제강지주,2025-08-11,유
00137997,현대차증권,001500,Y,증권발행실적보고서,20250811000391,현대차증권,2025-08-11,
00104856,삼성증권,016360,Y,[기재정정]투자설명서(일괄신고),20250811000390,삼성증권,2025-08-11,
00111111,대양금속,009190,Y,[기재정정]주요사항보고서(전환사채권발행결정),20250811000371,대양금속,2025-08-11,
00110893,대신증권,003540,Y,일괄신고추가서류(파생결합사채-주가연계파생결합사채),20250811000388,대신증권,2025-08-11,
00105101,INVENI,015360,Y,[기재정정]사업보고서 (2024.12),20250811000385,INVENI,2025-08-11,연
00104856,삼성증권,016360,Y,[기재정정]일괄신고추가서류(파생결합증권-상장지수증권),20250811000383,삼성증권,2025-08-11,
01180118,코람코더원리츠,417310,Y,감사보고서제출              ,20250811800480,코람코더원리츠,2025-08-11,유
00104856,삼성증권,016360,Y,[기재정정]증권발행실적보고서,20250811000379,삼성증권,2025-08-11,
01384787,시프트업,462870,Y,영업(잠정)실적(공정공시)              ,20250811800490,시프트업,2025-08-11,유
00161693,한샘,009240,Y,연결재무제표기준영업(잠정)실적(공정공시)              ,20250811800484,한샘,2025-08-11,유
00110893,대신증권,003540,Y,증권발행실적보고서,20250811000377,대신증권,2025-08-11,
00104856,삼성증권,016360,Y,[기재정정]투자설명서(일괄신고),20250811000374,삼성증권,2025-08-11,
00104856,삼성증권,016360,Y,[기재정정]일괄신고추가서류(파생결합증권-상장지수증권),20250811000368,삼성증권,2025-08-11,
00109693,DL,000210,Y,타법인주식및출자증권취득결정              ,20250811800489,DL,2025-08-11,유
01009789,코스맥스,192820,Y,연결재무제표기준영업(잠정)실적(공정공시)              ,20250811800469,코스맥스,2025-08-11,유
00104856,삼성증권,016360,Y,[기재정정]증권발행실적보고서,20250811000366,삼성증권,2025-08-11,
00153524,태림포장,011280,Y,동일인등출자계열회사와의상품ㆍ용역거래변경,20250811000365,태림포장,2025-08-11,공
00104856,삼성증권,016360,Y,[기재정정]투자설명서(일괄신고),20250811000363,삼성증권,2025-08-11,
00104856,삼성증권,016360,Y,[기재정정]일괄신고추가서류(파생결합증권-상장지수증권),20250811000360,삼성증권,2025-08-11,
00153524,태림포장,011280,Y,동일인등출자계열회사와의상품ㆍ용역거래변경,20250811000359,태림포장,2025-08-11,공
00164973,현대해상,001450,Y,[기재정정]기업설명회(IR)개최(안내공시)              ,20250811800482,현대해상,2025-08-11,유
00688996,KB금융,105560,Y,증권발행실적보고서,20250811000355,KB금융,2025-08-11,
00109693,DL,000210,Y,유상증자결정(종속회사의주요경영사항)              ,20250811800470,DL,2025-08-11,유
00164973,현대해상,001450,Y,[기재정정]기업설명회(IR)개최(안내공시)              ,20250811800447,현대해상,2025-08-11,유정
00111722,미래에셋증권,006800,Y,증권발행실적보고서,20250811000333,미래에셋증권,2025-08-11,
00138516,아남전자,008700,Y,반기보고서 (2025.06),20250811000331,아남전자,2025-08-11,
00126937,삼양홀딩스,000070,Y,기타경영사항(자율공시)              ,20250811800424,삼양홀딩스,2025-08-11,유
00360595,현대글로비스,086280,Y,임원ㆍ주요주주특정증권등소유상황보고서,20250811000300,국민연금공단,2025-08-11,
00269940,하나투어,039130,Y,임원ㆍ주요주주특정증권등소유상황보고서,20250811000290,국민연금공단,2025-08-11,
00136341,신성통상,005390,Y,의결권대리행사권유참고서류,20250811000289,신성통상,2025-08-11,
00136341,신성통상,005390,Y,주주총회소집공고,20250811000288,신성통상,2025-08-11,
00126937,삼양홀딩스,000070,Y,주주명부폐쇄기간또는기준일설정              ,20250811800388,삼양홀딩스,2025-08-11,유
01190568,에이피알,278470,Y,최대주주등소유주식변동신고서              ,20250811800397,에이피알,2025-08-11,유
01060744,한솔제지,213500,Y,반기보고서 (2025.06),20250811000286,한솔제지,2025-08-11,
01190568,에이피알,278470,Y,임원ㆍ주요주주특정증권등소유상황보고서,20250811000284,정재훈,2025-08-11,
00296290,키움증권,039490,Y,증권발행실적보고서,20250811000283,키움증권,2025-08-11,
00126937,삼양홀딩스,000070,Y,주주총회소집결의              ,20250811800378,삼양홀딩스,2025-08-11,유
00116949,DN오토모티브,007340,Y,기업설명회(IR)개최(안내공시)              ,20250811800353,DN오토모티브,2025-08-11,유
00299002,HL홀딩스,060980,Y,기업설명회(IR)개최(안내공시)              ,20250811800373,HL홀딩스,2025-08-11,유
01596425,SK스퀘어,402340,Y,주식등의대량보유상황보고서(약식),20250811000239,MacquarieInvestmentManagementBusinessTrust,2025-08-11,
00121932,미원상사,002840,Y,최대주주등소유주식변동신고서              ,20250811800324,미원상사,2025-08-11,유
01721809,현대그린푸드,453340,Y,기업설명회(IR)개최(안내공시)              ,20250811800308,현대그린푸드,2025-08-11,유
00296290,키움증권,039490,Y,증권발행실적보고서,20250811000215,키움증권,2025-08-11,
00120182,NH투자증권,005940,Y,증권발행실적보고서,20250811000208,NH투자증권,2025-08-11,
00120182,NH투자증권,005940,Y,증권발행실적보고서,20250811000203,NH투자증권,2025-08-11,
01430475,코람코라이프인프라리츠,357120,Y,주식등의대량보유상황보고서(약식),20250811000178,삼성자산운용,2025-08-11,
00101433,경농,002100,Y,주식등의대량보유상황보고서(일반),20250811000175,이용진,2025-08-11,
00140131,키다리스튜디오,020120,Y,연결재무제표기준영업(잠정)실적(공정공시)              ,20250811800285,키다리스튜디오,2025-08-11,유
00137207,유니켐,011330,Y,유형자산취득결정(자율공시)              ,20250811800272,유니켐,2025-08-11,유
00148610,한화투자증권,003530,Y,증권발행실적보고서,20250811000135,한화투자증권,2025-08-11,
00157070,한국단자공업,025540,Y,기업설명회(IR)개최(안내공시)              ,20250811800254,한국단자공업,2025-08-11,유
00148920,조광페인트,004910,Y,[기재정정]사업보고서 (2024.12),20250811000086,조광페인트,2025-08-11,연
00153393,태광산업,003240,Y,동일인등출자계열회사와의상품ㆍ용역거래변경,20250811000076,태광산업,2025-08-11,공
00113544,대한화섬,003830,Y,동일인등출자계열회사와의상품ㆍ용역거래변경,20250811000073,대한화섬,2025-08-11,공
00126478,삼성중공업,010140,Y,최대주주등소유주식변동신고서              ,20250811800206,삼성중공업,2025-08-11,유
00296290,키움증권,039490,Y,증권발행실적보고서,20250811000045,키움증권,2025-08-11,
01817081,SK이터닉스,475150,Y,지급수단별ㆍ지급기간별지급금액및분쟁조정기구에관한사항,20250811000040,SK이터닉스,2025-08-11,공
00190321,케이티,030200,Y,연결재무제표기준영업(잠정)실적(공정공시)              ,20250811800122,케이티,2025-08-11,유
00190321,케이티,030200,Y,영업(잠정)실적(공정공시)              ,20250811800119,케이티,2025-08-11,유
00225159,SNT홀딩스,036530,Y,현금ㆍ현물배당결정(자회사의 주요경영사항)              ,20250811800073,SNT홀딩스,2025-08-11,유
00225159,SNT홀딩스,036530,Y,현금ㆍ현물배당결정(자회사의 주요경영사항)              ,20250811800068,SNT홀딩스,2025-08-11,유
00225159,SNT홀딩스,036530,Y,현금ㆍ현물배당결정(자회사의 주요경영사항)              ,20250811800070,SNT홀딩스,2025-08-11,유
00104856,삼성증권,016360,Y,기업설명회(IR)개최(안내공시)              ,20250811800074,삼성증권,2025-08-11,유
00648721,SNT에너지,100840,Y,현금ㆍ현물배당결정              ,20250811800072,SNT에너지,2025-08-11,유
00225159,SNT홀딩스,036530,Y,현금ㆍ현물배당결정              ,20250811800071,SNT홀딩스,2025-08-11,유
00398792,SNT모티브,064960,Y,현금ㆍ현물배당결정              ,20250811800069,SNT모티브,2025-08-11,유
00134477,SNT다이내믹스,003570,Y,현금ㆍ현물배당결정              ,20250811800067,SNT다이내믹스,2025-08-11,유
00861076,케이탑리츠,145270,Y,주식등의대량보유상황보고서(약식),20250808000638,김철,2025-08-11,
00130684,서울도시가스,017390,Y,[기재정정]주요사항보고서(자기주식취득신탁계약체결결정),20250808000636,서울도시가스,2025-08-11,정
00117577,오리온홀딩스,001800,Y,[기재정정]감사보고서제출(자회사의 주요경영사항)              ,20250808800628,오리온홀딩스,2025-08-08,유
00648721,SNT에너지,100840,Y,주식등의대량보유상황보고서(일반),20250808000631,SNT홀딩스,2025-08-08,
00648721,SNT에너지,100840,Y,임원ㆍ주요주주특정증권등소유상황보고서,20250808000627,SNT홀딩스,2025-08-08,
01238169,오리온,271560,Y,[기재정정]감사보고서제출              ,20250808800622,오리온,2025-08-08,유
01238169,오리온,271560,Y,[기재정정]사업보고서 (2024.12),20250808000624,오리온,2025-08-08,연
00225159,SNT홀딩스,036530,Y,전환청구권ㆍ신주인수권ㆍ교환청구권행사              ,20250808800626,SNT홀딩스,2025-08-08,유
00105101,INVENI,015360,Y,[기재정정]반기보고서 (2025.06),20250808000621,INVENI,2025-08-08,
00140964,영원무역홀딩스,009970,Y,[기재정정]대규모기업집단현황공시[연1회공시및1/4분기용(대표회사)],20250808000613,영원무역홀딩스,2025-08-08,공
00140964,영원무역홀딩스,009970,Y,[기재정정]대규모기업집단현황공시[분기별공시(대표회사용)],20250808000609,영원무역홀딩스,2025-08-08,공
01316236,효성화학,298000,Y,타인에대한채무보증결정              ,20250808800587,효성화학,2025-08-08,유
00120182,NH투자증권,005940,Y,증권발행실적보고서,20250808000606,NH투자증권,2025-08-08,
00983040,한진칼,180640,Y,지속가능경영보고서등관련사항(자율공시)              ,20250808800600,한진칼,2025-08-08,유
00983040,한진칼,180640,Y,주식등의대량보유상황보고서(일반),20250808000603,조원태,2025-08-08,
00120182,NH투자증권,005940,Y,증권발행실적보고서,20250808000599,NH투자증권,2025-08-08,
00125530,SPC삼립,005610,Y,[기재정정]신규시설투자등              ,20250808800556,SPC삼립,2025-08-08,유
00148610,한화투자증권,003530,Y,투자설명서(일괄신고),20250808000587,한화투자증권,2025-08-08,
00648721,SNT에너지,100840,Y,주식등의대량보유상황보고서(약식),20250808000584,파이프솔루션3호,2025-08-08,
00136378,신세계,004170,Y,기업설명회(IR)개최(안내공시)              ,20250808800576,신세계,2025-08-08,유
00356361,LG화학,051910,Y,기업설명회(IR)개최(안내공시)              ,20250808800574,LG화학,2025-08-08,유
00118521,진원생명과학,011000,Y,소송등의판결ㆍ결정              ,20250808800564,진원생명과학,2025-08-08,유
00118521,진원생명과학,011000,Y,소송등의판결ㆍ결정              ,20250808800562,진원생명과학,2025-08-08,유
00210856,코아스,071950,Y,반기보고서 (2025.06),20250808000578,코아스,2025-08-08,
00118521,진원생명과학,011000,Y,소송등의판결ㆍ결정              ,20250808800561,진원생명과학,2025-08-08,유
00118521,진원생명과학,011000,Y,소송등의판결ㆍ결정              ,20250808800557,진원생명과학,2025-08-08,유
01059605,디와이파워,210540,Y,주식등의대량보유상황보고서(약식),20250808000573,브이아이피자산운용,2025-08-08,
00155531,풍산홀딩스,005810,Y,주식등의대량보유상황보고서(약식),20250808000570,브이아이피자산운용,2025-08-08,
00105952,LS,006260,Y,최대주주등소유주식변동신고서              ,20250808800552,LS,2025-08-08,유
00120182,NH투자증권,005940,Y,증권발행실적보고서,20250808000561,NH투자증권,2025-08-08,
00105952,LS,006260,Y,주식등의대량보유상황보고서(일반),20250808000559,구자열,2025-08-08,
00155212,포스코DX,022100,Y,단일판매ㆍ공급계약체결              ,20250808800500,포스코DX,2025-08-08,유
00367710,동인기연,111380,Y,임시주주총회결과              ,20250808800529,동인기연,2025-08-08,유
00296290,키움증권,039490,Y,증권발행실적보고서,20250808000544,키움증권,2025-08-08,
00296290,키움증권,039490,Y,투자설명서(일괄신고),20250808000540,키움증권,2025-08-08,
00120526,롯데쇼핑,023530,Y,최대주주등소유주식변동신고서              ,20250808800524,롯데쇼핑,2025-08-08,유
00109693,DL,000210,Y,단일판매ㆍ공급계약체결(자회사의 주요경영사항)              ,20250808800503,DL,2025-08-08,유
00152880,코오롱글로벌,003070,Y,[기재정정]단일판매ㆍ공급계약체결(자율공시)              ,20250808800523,코오롱글로벌,2025-08-08,유
00148610,한화투자증권,003530,Y,일괄신고추가서류(파생결합사채-주가연계파생결합사채),20250808000537,한화투자증권,2025-08-08,
00126779,삼아알미늄,006110,Y,최대주주등소유주식변동신고서              ,20250808800506,삼아알미늄,2025-08-08,유
00296290,키움증권,039490,Y,일괄신고추가서류(파생결합증권-상장지수증권),20250808000535,키움증권,2025-08-08,
01524093,DL이앤씨,375500,Y,단일판매ㆍ공급계약체결              ,20250808800486,DL이앤씨,2025-08-08,유
00126779,삼아알미늄,006110,Y,임원ㆍ주요주주특정증권등소유상황보고서,20250808000533,김규만,2025-08-08,
00142883,우신시스템,017370,Y,주식등의대량보유상황보고서(일반),20250808000529,허우영,2025-08-08,
00131850,SK증권,001510,Y,증권발행실적보고서,20250808000528,SK증권,2025-08-08,
00688996,KB금융,105560,Y,투자설명서(일괄신고),20250808000526,KB금융,2025-08-08,
00122579,BYC,001460,Y,최대주주등소유주식변동신고서              ,20250808800484,BYC,2025-08-08,유
00688996,KB금융,105560,Y,일괄신고추가서류,20250808000519,KB금융,2025-08-08,
00583424,아모레퍼시픽,090430,Y,최대주주등소유주식변동신고서              ,20250808800477,아모레퍼시픽,2025-08-08,유
00110893,대신증권,003540,Y,연결재무제표기준영업(잠정)실적(공정공시)              ,20250808800440,대신증권,2025-08-08,유
00103510,인지컨트롤스,023800,Y,[기재정정]주요사항보고서(자기주식처분결정),20250808000498,인지컨트롤스,2025-08-08,
00155124,평화홀딩스,010770,Y,타인에대한채무보증결정              ,20250808800468,평화홀딩스,2025-08-08,유
00296290,키움증권,039490,Y,증권발행실적보고서,20250808000508,키움증권,2025-08-08,
00190321,케이티,030200,Y,임원ㆍ주요주주특정증권등소유상황보고서,20250808000505,윤종수,2025-08-08,
00126308,삼성E&A,028050,Y,주식등의대량보유상황보고서(약식),20250808000504,BlackRockFundAdvisors,2025-08-08,
00136864,신원,009270,Y,주식등의대량보유상황보고서(일반),20250808000503,티앤엠커뮤니케이션즈,2025-08-08,
00141875,사조오양,006090,Y,최대주주등소유주식변동신고서              ,20250808800452,사조오양,2025-08-08,유
00120872,만호제강,001080,Y,매출액또는손익구조30%(대규모법인은15%)이상변경              ,20250808800432,만호제강,2025-08-08,유
00115694,DB증권,016610,Y,증권발행실적보고서,20250808000502,DB증권,2025-08-08,
00152862,코오롱,002020,Y,[첨부정정]주요사항보고서(주식교환ㆍ이전결정)(자회사의 주요경영사항)              ,20250808800422,코오롱,2025-08-08,유
00220561,광주신세계,037710,Y,영업(잠정)실적(공정공시)              ,20250808800426,광주신세계,2025-08-08,유
00220561,광주신세계,037710,Y,영업(잠정)실적(공정공시)              ,20250808800421,광주신세계,2025-08-08,유
00146232,일성건설,013360,Y,[기재정정]사업보고서 (2024.12),20250808000499,일성건설,2025-08-08,연
00115694,DB증권,016610,Y,증권발행실적보고서,20250808000497,DB증권,2025-08-08,
00274933,신세계푸드,031440,Y,연결재무제표기준영업(잠정)실적(공정공시)              ,20250808800420,신세계푸드,2025-08-08,유
00141875,사조오양,006090,Y,주식등의대량보유상황보고서(일반),20250808000496,사조대림,2025-08-08,
00136864,신원,009270,Y,임원ㆍ주요주주특정증권등소유상황보고서,20250808000495,티앤엠커뮤니케이션즈,2025-08-08,
01649204,달바글로벌,483650,Y,연결재무제표기준영업(잠정)실적(공정공시)              ,20250808800414,달바글로벌,2025-08-08,유
00111111,대양금속,009190,Y,[기재정정]주요사항보고서(전환사채권발행결정),20250808000450,대양금속,2025-08-08,정
01412725,두산퓨얼셀,336260,Y,[기재정정]단일판매ㆍ공급계약체결              ,20250808800402,두산퓨얼셀,2025-08-08,유
01205851,HD현대일렉트릭,267260,Y,최대주주등소유주식변동신고서              ,20250808800433,HD현대일렉트릭,2025-08-08,유
00296290,키움증권,039490,Y,증권발행실적보고서,20250808000491,키움증권,2025-08-08,
00136864,신원,009270,Y,임원ㆍ주요주주특정증권등거래계획보고서,20250808000489,티앤엠커뮤니케이션즈,2025-08-08,
00635134,CJ제일제당,097950,Y,기업설명회(IR)개최(안내공시)              ,20250808800427,CJ제일제당,2025-08-08,유
00110893,대신증권,003540,Y,증권발행실적보고서,20250808000482,대신증권,2025-08-08,
00122551,백산,035150,Y,주식등의대량보유상황보고서(약식),20250808000481,브이아이피자산운용,2025-08-08,
01712485,코오롱모빌리티그룹,450140,Y,[첨부정정]주요사항보고서(주식교환ㆍ이전결정),20250808000430,코오롱모빌리티그룹,2025-08-08,
00136864,신원,009270,Y,주요사항보고서(전환사채매수선택권행사자지정),20250808000478,신원,2025-08-08,
00110893,대신증권,003540,Y,증권발행실적보고서,20250808000477,대신증권,2025-08-08,
00126414,삼성제약,001360,Y,주요사항보고서(전환사채권발행결정),20250808000442,삼성제약,2025-08-08,
00115694,DB증권,016610,Y,증권발행실적보고서,20250808000470,DB증권,2025-08-08,
00111111,대양금속,009190,Y,[기재정정]주요사항보고서(유상증자결정),20250808000438,대양금속,2025-08-08,
00178754,동아지질,028100,Y,투자판단관련주요경영사항              ,20250808800379,동아지질,2025-08-08,유
00160843,DB하이텍,000990,Y,특수관계인에대한출자,20250808000464,DB하이텍,2025-08-08,공
00113359,교보증권,030610,Y,증권발행실적보고서,20250808000458,교보증권,2025-08-08,
00261285,한국가스공사,036460,Y,연결재무제표기준영업(잠정)실적(공정공시)              ,20250808800332,한국가스공사,2025-08-08,유
00152862,코오롱,002020,Y,[첨부정정]주요사항보고서(주식교환ㆍ이전결정),20250808000428,코오롱,2025-08-08,
00165413,롯데케미칼,011170,Y,연결재무제표기준영업(잠정)실적(공정공시)              ,20250808800369,롯데케미칼,2025-08-08,유
00111704,한화오션,042660,Y,[기재정정]타법인주식및출자증권취득결정(종속회사의주요경영사항)              ,20250808800307,한화오션,2025-08-08,유
00160843,DB하이텍,000990,Y,동일인등출자계열회사와의상품ㆍ용역거래변경,20250808000448,DB하이텍,2025-08-08,공
00266961,NAVER,035420,Y,기업설명회(IR)개최(안내공시)              ,20250808800390,NAVER,2025-08-08,유
00163345,DB,012030,Y,[기재정정]타법인주식및출자증권취득결정              ,20250808800308,DB,2025-08-08,유
00653024,진에어,272450,Y,기업설명회(IR)개최(안내공시)              ,20250808800360,진에어,2025-08-08,유
00653024,진에어,272450,Y,기업설명회(IR)개최(안내공시)              ,20250808800359,진에어,2025-08-08,유
00670340,씨에스윈드,112610,Y,연결재무제표기준영업(잠정)실적(공정공시)              ,20250808800356,씨에스윈드,2025-08-08,유
00104856,삼성증권,016360,Y,연결재무제표기준영업(잠정)실적(공정공시)              ,20250808800368,삼성증권,2025-08-08,유
00169048,HLB글로벌,003580,Y,금전대여결정              ,20250808800355,HLB글로벌,2025-08-08,유
01712485,코오롱모빌리티그룹,450140,Y,[첨부정정]공개매수신고서,20250808000433,코오롱,2025-08-08,
00133511,SG세계물산,004060,Y,연결재무제표기준영업(잠정)실적(공정공시)              ,20250808800327,SG세계물산,2025-08-08,유
00795135,코오롱인더,120110,Y,연결재무제표기준영업(잠정)실적(공정공시)              ,20250808800324,코오롱인더,2025-08-08,유
00137997,현대차증권,001500,Y,증권발행실적보고서,20250808000431,현대차증권,2025-08-08,
00113359,교보증권,030610,Y,증권발행실적보고서,20250808000427,교보증권,2025-08-08,
00266961,NAVER,035420,Y,임원ㆍ주요주주특정증권등소유상황보고서,20250808000423,김소연,2025-08-08,
01205842,HD현대건설기계,267270,Y,신탁계약해지결과보고서,20250808000419,HD현대건설기계,2025-08-08,
00653024,진에어,272450,Y,영업(잠정)실적(공정공시)              ,20250808800333,진에어,2025-08-08,유
00545716,롯데렌탈,089860,Y,최대주주등소유주식변동신고서              ,20250808800353,롯데렌탈,2025-08-08,유
00266961,NAVER,035420,Y,임원ㆍ주요주주특정증권등소유상황보고서,20250808000410,차동철,2025-08-08,
00939331,한국콜마,161890,Y,기업설명회(IR)개최(안내공시)              ,20250808800345,한국콜마,2025-08-08,유
00828789,대성산업,128820,Y,임원ㆍ주요주주특정증권등소유상황보고서,20250808000407,박광호,2025-08-08,
00939331,한국콜마,161890,Y,기업설명회(IR)개최(안내공시)              ,20250808800336,한국콜마,2025-08-08,유
00302926,현대로템,064350,Y,임원ㆍ주요주주특정증권등소유상황보고서,20250808000402,김도화,2025-08-08,
00134510,SJG세종,033530,Y,주요사항보고서(자기주식취득신탁계약해지결정),20250808000361,SJG세종,2025-08-08,
00134316,세원정공,021820,Y,[기재정정]사업보고서 (2024.06),20250808000388,세원정공,2025-08-08,연
00166500,화천기계,010660,Y,영업(잠정)실적(공정공시)              ,20250808800294,화천기계,2025-08-08,유
00111722,미래에셋증권,006800,Y,증권발행실적보고서,20250808000374,미래에셋증권,2025-08-08,
00104856,삼성증권,016360,Y,투자설명서(일괄신고),20250808000372,삼성증권,2025-08-08,
01394377,이지스밸류플러스리츠,334890,Y,주식등의대량보유상황보고서(약식),20250808000369,코람코자산운용,2025-08-08,
00795135,코오롱인더,120110,Y,지급수단별ㆍ지급기간별지급금액및분쟁조정기구에관한사항,20250808000364,코오롱인더,2025-08-08,공
00300548,현대리바트,079430,Y,기업설명회(IR)개최(안내공시)              ,20250808800291,현대리바트,2025-08-08,유
01394377,이지스밸류플러스리츠,334890,Y,임원ㆍ주요주주특정증권등소유상황보고서,20250808000363,코람코자산운용,2025-08-08,
01437186,ESR켄달스퀘어리츠,365550,Y,주식등의대량보유상황보고서(약식),20250808000355,코람코자산운용,2025-08-08,
00118026,동원산업,006040,Y,현금ㆍ현물배당을위한주주명부폐쇄(기준일)결정(자회사의 주요경영사항)              ,20250808800267,동원산업,2025-08-08,유
00118026,동원산업,006040,Y,현금ㆍ현물배당결정(자회사의 주요경영사항)              ,20250808800265,동원산업,2025-08-08,유
00161116,HL D&I,014790,Y,연결재무제표기준영업(잠정)실적(공정공시)              ,20250808800273,HL D&I,2025-08-08,유
00104856,삼성증권,016360,Y,일괄신고추가서류(파생결합사채-주가연계파생결합사채),20250808000347,삼성증권,2025-08-08,
00118026,동원산업,006040,Y,주식등의대량보유상황보고서(일반),20250808000346,김남정,2025-08-08,
00118026,동원산업,006040,Y,최대주주등소유주식변동신고서              ,20250808800272,동원산업,2025-08-08,유
00132637,동원시스템즈,014820,Y,현금ㆍ현물배당을위한주주명부폐쇄(기준일)결정              ,20250808800266,동원시스템즈,2025-08-08,유
00113359,교보증권,030610,Y,증권발행실적보고서,20250808000338,교보증권,2025-08-08,
00132637,동원시스템즈,014820,Y,현금ㆍ현물배당결정              ,20250808800264,동원시스템즈,2025-08-08,유
00118026,동원산업,006040,Y,현금ㆍ현물배당을위한주주명부폐쇄(기준일)결정              ,20250808800253,동원산업,2025-08-08,유
00118026,동원산업,006040,Y,현금ㆍ현물배당결정              ,20250808800256,동원산업,2025-08-08,유
00118026,동원산업,006040,Y,연결재무제표기준영업(잠정)실적(공정공시)              ,20250808800250,동원산업,2025-08-08,유
00117601,유안타증권,003470,Y,증권발행실적보고서,20250808000329,유안타증권,2025-08-08,
00118026,동원산업,006040,Y,영업(잠정)실적(공정공시)              ,20250808800249,동원산업,2025-08-08,유
00670340,씨에스윈드,112610,Y,[기재정정]타인에대한채무보증결정              ,20250808800255,씨에스윈드,2025-08-08,유
00173795,신흥,004080,Y,주식등의대량보유상황보고서(일반),20250808000325,이용익,2025-08-08,
00104856,삼성증권,016360,Y,증권발행실적보고서,20250808000323,삼성증권,2025-08-08,
00172228,엔케이,085310,Y,대표이사(대표집행임원)변경(안내공시)              ,20250808800238,엔케이,2025-08-08,유
00111722,미래에셋증권,006800,Y,증권발행실적보고서,20250808000315,미래에셋증권,2025-08-08,
01437292,미래에셋맵스리츠,357250,Y,감사보고서제출              ,20250808800226,미래에셋맵스리츠,2025-08-08,유
00106623,현대위아,011210,Y,대표이사(대표집행임원)변경(안내공시)              ,20250808800229,현대위아,2025-08-08,유
00106623,현대위아,011210,Y,임시주주총회결과              ,20250808800217,현대위아,2025-08-08,유
00372129,전진건설로봇,079900,Y,기타안내사항(안내공시)              ,20250808800212,전진건설로봇,2025-08-08,유
00140177,GS리테일,007070,Y,특수관계인에대한자금대여,20250808000278,GS리테일,2025-08-08,공
00105101,INVENI,015360,Y,반기보고서 (2025.06),20250808000261,INVENI,2025-08-08,정
00152862,코오롱,002020,Y,지급수단별ㆍ지급기간별지급금액및분쟁조정기구에관한사항,20250808000255,코오롱,2025-08-08,공
00104768,가온전선,000500,Y,약관에의한금융거래시계열금융회사의거래상대방의공시,20250808000240,가온전선,2025-08-08,공
00104768,가온전선,000500,Y,동일인등출자계열회사와의상품ㆍ용역거래,20250808000237,가온전선,2025-08-08,공
00120182,NH투자증권,005940,Y,증권발행실적보고서,20250808000235,NH투자증권,2025-08-08,
00104768,가온전선,000500,Y,동일인등출자계열회사와의상품ㆍ용역거래,20250808000233,가온전선,2025-08-08,공
00104768,가온전선,000500,Y,동일인등출자계열회사와의상품ㆍ용역거래,20250808000230,가온전선,2025-08-08,공
00234412,신세계인터내셔날,031430,Y,연결재무제표기준영업(잠정)실적(공정공시)              ,20250808800192,신세계인터내셔날,2025-08-08,유
01437292,미래에셋맵스리츠,357250,Y,의결권대리행사권유참고서류,20250808000225,미래에셋맵스리츠,2025-08-08,
01437292,미래에셋맵스리츠,357250,Y,주주총회소집공고,20250808000222,미래에셋맵스리츠,2025-08-08,
00136378,신세계,004170,Y,영업(잠정)실적(공정공시)              ,20250808800174,신세계,2025-08-08,유
00105280,현대지에프홀딩스,005440,Y,연결재무제표기준영업(잠정)실적(공정공시)              ,20250808800166,현대지에프홀딩스,2025-08-08,유
00136378,신세계,004170,Y,연결재무제표기준영업(잠정)실적(공정공시)              ,20250808800173,신세계,2025-08-08,유
00428251,현대백화점,069960,Y,임원ㆍ주요주주특정증권등거래계획보고서,20250808000207,현대지에프홀딩스,2025-08-08,
00105280,현대지에프홀딩스,005440,Y,현금ㆍ현물배당을위한주주명부폐쇄(기준일)결정              ,20250808800168,현대지에프홀딩스,2025-08-08,유
00105280,현대지에프홀딩스,005440,Y,현금ㆍ현물배당결정              (중간배당),20250808800167,현대지에프홀딩스,2025-08-08,유
00126308,삼성E&A,028050,Y,주식등의대량보유상황보고서(약식),20250808000201,인베스코에셋매니지먼트리미티드,2025-08-08,
00409672,티비에이치글로벌,084870,Y,연결재무제표기준영업(잠정)실적(공정공시)              ,20250808800161,티비에이치글로벌,2025-08-08,유
00123143,보령,003850,Y,공정거래자율준수프로그램운영현황(안내공시)              ,20250808800152,보령,2025-08-08,유
00140177,GS리테일,007070,Y,기업설명회(IR)개최(안내공시)              ,20250808800147,GS리테일,2025-08-08,유
00249247,YG PLUS,037270,Y,연결재무제표기준영업(잠정)실적(공정공시)              ,20250808800137,YG PLUS,2025-08-08,유
00148610,한화투자증권,003530,Y,증권발행실적보고서,20250808000164,한화투자증권,2025-08-08,
00130684,서울도시가스,017390,Y,[연장결정]주요사항보고서(자기주식취득신탁계약체결결정),20250808000149,서울도시가스,2025-08-08,정
00105101,INVENI,015360,Y,지급수단별ㆍ지급기간별지급금액및분쟁조정기구에관한사항,20250808000151,INVENI,2025-08-08,공
00296290,키움증권,039490,Y,증권발행실적보고서,20250808000148,키움증권,2025-08-08,
00111722,미래에셋증권,006800,Y,기업설명회(IR)개최(안내공시)              ,20250808800115,미래에셋증권,2025-08-08,유
00296290,키움증권,039490,Y,증권발행실적보고서,20250808000145,키움증권,2025-08-08,
00296290,키움증권,039490,Y,증권발행실적보고서,20250808000144,키움증권,2025-08-08,
00170558,코웨이,021240,Y,연결재무제표기준영업(잠정)실적(공정공시)              ,20250808800099,코웨이,2025-08-08,유
00231363,LG유플러스,032640,Y,연결재무제표기준영업(잠정)실적(공정공시)              ,20250808800091,LG유플러스,2025-08-08,유
00231363,LG유플러스,032640,Y,영업(잠정)실적(공정공시)              ,20250808800088,LG유플러스,2025-08-08,유
00148610,한화투자증권,003530,Y,증권발행실적보고서,20250808000125,한화투자증권,2025-08-08,
00120030,GS건설,006360,Y,지속가능경영보고서등관련사항(자율공시)              ,20250808800090,GS건설,2025-08-08,유
00140177,GS리테일,007070,Y,연결재무제표기준영업(잠정)실적(공정공시)              ,20250808800070,GS리테일,2025-08-08,유
00222532,LG헬로비전,037560,Y,연결재무제표기준영업(잠정)실적(공정공시)              ,20250808800068,LG헬로비전,2025-08-08,유
00117601,유안타증권,003470,Y,증권발행실적보고서,20250808000091,유안타증권,2025-08-08,
00111689,아진전자부품,009320,Y,영업(잠정)실적(공정공시)              ,20250808800060,아진전자부품,2025-08-08,유
00939331,한국콜마,161890,Y,연결재무제표기준영업(잠정)실적(공정공시)              ,20250808800057,한국콜마,2025-08-08,유
00939331,한국콜마,161890,Y,영업(잠정)실적(공정공시)              ,20250808800054,한국콜마,2025-08-08,유
00124504,포스코인터내셔널,047050,Y,지급수단별ㆍ지급기간별지급금액및분쟁조정기구에관한사항,20250808000069,포스코인터내셔널,2025-08-08,공
00356361,LG화학,051910,Y,특수관계인에대한자금대여,20250808000066,LG화학,2025-08-08,공
00108038,엔피씨,004250,Y,주식등의대량보유상황보고서(일반),20250808000054,임익성,2025-08-08,
00671376,티웨이항공,091810,Y,[기재정정]주요사항보고서(신주인수권부사채권발행결정),20250808000037,티웨이항공,2025-08-08,
00120526,롯데쇼핑,023530,Y,연결재무제표기준영업(잠정)실적(공정공시)              ,20250808800037,롯데쇼핑,2025-08-08,유
00113410,CJ대한통운,000120,Y,연결재무제표기준영업(잠정)실적(공정공시)              ,20250808800035,CJ대한통운,2025-08-08,유
00113359,교보증권,030610,Y,증권발행실적보고서,20250808000013,교보증권,2025-08-08,
00349097,케이티스카이라이프,053210,Y,연결재무제표기준영업(잠정)실적(공정공시)              ,20250808800028,케이티스카이라이프,2025-08-08,유
00349097,케이티스카이라이프,053210,Y,영업(잠정)실적(공정공시)              ,20250808800025,케이티스카이라이프,2025-08-08,유
00671376,티웨이항공,091810,Y,[기재정정]주요사항보고서(신주인수권부사채권발행결정),20250808000006,티웨이항공,2025-08-08,정
00266961,NAVER,035420,Y,영업(잠정)실적(공정공시)              ,20250808800018,NAVER,2025-08-08,유
00266961,NAVER,035420,Y,연결재무제표기준영업(잠정)실적(공정공시)              ,20250808800015,NAVER,2025-08-08,유
01712485,코오롱모빌리티그룹,450140,Y,공개매수설명서,20250808000005,코오롱,2025-08-08,
01712485,코오롱모빌리티그룹,450140,Y,공개매수신고서,20250808000004,코오롱,2025-08-08,정
00671376,티웨이항공,091810,Y,주요사항보고서(전환사채권발행결정),20250808000003,티웨이항공,2025-08-08,
00671376,티웨이항공,091810,Y,주요사항보고서(신주인수권부사채권발행결정),20250808000002,티웨이항공,2025-08-08,정
01712485,코오롱모빌리티그룹,450140,Y,연결재무제표기준영업(잠정)실적(공정공시)              ,20250807800579,코오롱모빌리티그룹,2025-08-07,유
00152862,코오롱,002020,Y,주주명부폐쇄기간또는기준일설정              ,20250807800578,코오롱,2025-08-07,유
01712485,코오롱모빌리티그룹,450140,Y,주주명부폐쇄기간또는기준일설정              ,20250807800574,코오롱모빌리티그룹,2025-08-07,유
01712485,코오롱모빌리티그룹,450140,Y,주주총회소집결의              ,20250807800576,코오롱모빌리티그룹,2025-08-07,유
00258801,카카오,035720,Y,풍문또는보도에대한해명              ,20250807800575,카카오,2025-08-07,유
00152862,코오롱,002020,Y,주요사항보고서(주식교환ㆍ이전결정)(자회사의 주요경영사항)              ,20250807800572,코오롱,2025-08-07,유정
00152862,코오롱,002020,Y,주요사항보고서(감자결정)(자회사의 주요경영사항)              ,20250807800571,코오롱,2025-08-07,유
00152862,코오롱,002020,Y,주요사항보고서(주식교환ㆍ이전결정),20250807000356,코오롱,2025-08-07,정
01712485,코오롱모빌리티그룹,450140,Y,주요사항보고서(주식교환ㆍ이전결정),20250807000355,코오롱모빌리티그룹,2025-08-07,정
01712485,코오롱모빌리티그룹,450140,Y,주요사항보고서(감자결정),20250807000357,코오롱모빌리티그룹,2025-08-07,
01712485,코오롱모빌리티그룹,450140,Y,매매거래정지및정지해제(중요내용공시)              ,20250807800563,유가증권시장본부,2025-08-07,유
00360142,아이마켓코리아,122900,Y,연결재무제표기준영업(잠정)실적(공정공시)              ,20250807800555,아이마켓코리아,2025-08-07,유
00164830,HD한국조선해양,009540,Y,생산재개(자율공시)(자회사의 주요경영사항)              ,20250807800557,HD한국조선해양,2025-08-07,유
01205709,HD현대,267250,Y,[기재정정]생산중단(자회사의 주요경영사항)              ,20250807800553,HD현대,2025-08-07,유
00360142,아이마켓코리아,122900,Y,현금ㆍ현물배당결정              ,20250807800558,아이마켓코리아,2025-08-07,유
00164830,HD한국조선해양,009540,Y,[기재정정]생산중단(자회사의 주요경영사항)              ,20250807800547,HD한국조선해양,2025-08-07,유
01386916,SK아이이테크놀로지,361610,Y,유상증자또는주식관련사채등의발행결과(자율공시)              ,20250807800509,SK아이이테크놀로지,2025-08-07,유
01205851,HD현대일렉트릭,267260,Y,임원ㆍ주요주주특정증권등소유상황보고서,20250807000348,HD현대,2025-08-07,
00258801,카카오,035720,Y,기업설명회(IR)개최(안내공시)              ,20250807800524,카카오,2025-08-07,유
00161125,한온시스템,018880,Y,기업설명회(IR)개최(안내공시)              ,20250807800522,한온시스템,2025-08-07,유
00161125,한온시스템,018880,Y,결산실적공시예고(안내공시)              ,20250807800521,한온시스템,2025-08-07,유
00160047,한국앤컴퍼니,000240,Y,현금ㆍ현물배당결정              ,20250807800515,한국앤컴퍼니,2025-08-07,유
00146542,일정실업,008500,Y,조회공시요구(현저한시황변동)에대한답변(중요공시대상없음)              ,20250807800510,일정실업,2025-08-07,유
00160047,한국앤컴퍼니,000240,Y,현금ㆍ현물배당을위한주주명부폐쇄(기준일)결정              ,20250807800511,한국앤컴퍼니,2025-08-07,유
00145437,아센디오,012170,Y,조회공시요구(현저한시황변동)에대한답변(미확정)              ,20250807800500,아센디오,2025-08-07,유
00131850,SK증권,001510,Y,투자설명서(일괄신고),20250807000333,SK증권,2025-08-07,
00118266,DRB동일,004840,Y,공정거래자율준수프로그램운영현황(안내공시)              ,20250807800484,DRB동일,2025-08-07,유
00118345,디아이동일,001530,Y,의결권대리행사권유참고서류,20250807000330,김기철,2025-08-07,
00159209,한전기술,052690,Y,연결재무제표기준영업(잠정)실적(공정공시)              ,20250807800474,한전기술,2025-08-07,유
00106641,기아,000270,Y,[기재정정]타법인주식및출자증권취득결정(자율공시)              ,20250807800475,기아,2025-08-07,유
00164742,현대자동차,005380,Y,[기재정정]타법인주식및출자증권취득결정(자율공시)              ,20250807800480,현대자동차,2025-08-07,유
00131780,SK네트웍스,001740,Y,기업설명회(IR)개최(안내공시)              ,20250807800483,SK네트웍스,2025-08-07,유
00147860,에스엠벡셀,010580,Y,최대주주등소유주식변동신고서              ,20250807800482,에스엠벡셀,2025-08-07,유
00172936,동일산업,004890,Y,최대주주등소유주식변동신고서              ,20250807800481,동일산업,2025-08-07,유
00372129,전진건설로봇,079900,Y,주주총회소집공고,20250807000327,전진건설로봇,2025-08-07,
00131780,SK네트웍스,001740,Y,결산실적공시예고(안내공시)              ,20250807800477,SK네트웍스,2025-08-07,유
01596425,SK스퀘어,402340,Y,특수관계인으로부터채권매수,20250807000322,SK스퀘어,2025-08-07,공
00152862,코오롱,002020,Y,타인에대한담보제공결정(자회사의 주요경영사항)              ,20250807800452,코오롱,2025-08-07,유
00861076,케이탑리츠,145270,Y,부동산투자회사부동산임대              ,20250807800450,케이탑리츠,2025-08-07,유
00136721,신영증권,001720,Y,[기재정정]일괄신고서(파생결합증권-주가연계증권),20250807000312,신영증권,2025-08-07,
00136721,신영증권,001720,Y,[기재정정]일괄신고서(파생결합증권-주가연계증권),20250807000294,신영증권,2025-08-07,정
00136721,신영증권,001720,Y,[기재정정]일괄신고서(기타파생결합사채),20250807000310,신영증권,2025-08-07,
00136721,신영증권,001720,Y,[기재정정]일괄신고서(기타파생결합증권),20250807000307,신영증권,2025-08-07,
00136721,신영증권,001720,Y,[기재정정]일괄신고서(파생결합사채-주가연계파생결합사채),20250807000304,신영증권,2025-08-07,
00161860,한성기업,003680,Y,임원ㆍ주요주주특정증권등소유상황보고서,20250807000319,정승인,2025-08-07,
00413046,셀트리온,068270,Y,임원ㆍ주요주주특정증권등소유상황보고서,20250807000318,서정진,2025-08-07,
00861076,케이탑리츠,145270,Y,부동산투자회사부동산임대              ,20250807800437,케이탑리츠,2025-08-07,유
01712485,코오롱모빌리티그룹,450140,Y,타인에대한담보제공결정              ,20250807800442,코오롱모빌리티그룹,2025-08-07,유
00142883,우신시스템,017370,Y,신탁계약해지결과보고서,20250807000314,우신시스템,2025-08-07,
00565154,이노션,214320,Y,기업설명회(IR)개최(안내공시)              ,20250807800444,이노션,2025-08-07,유
01712485,코오롱모빌리티그룹,450140,Y,특수관계인에대한담보제공,20250807000308,코오롱모빌리티그룹,2025-08-07,공
00670340,씨에스윈드,112610,Y,금전대여결정              ,20250807800402,씨에스윈드,2025-08-07,유
00565154,이노션,214320,Y,연결재무제표기준영업(잠정)실적(공정공시)              ,20250807800400,이노션,2025-08-07,유
00203290,콜마홀딩스,024720,Y,주식등의대량보유상황보고서(일반),20250807000297,윤상현,2025-08-07,
00147860,에스엠벡셀,010580,Y,주식등의대량보유상황보고서(일반),20250807000284,에스엠하이플러스,2025-08-07,
00164724,현대엘리베이터,017800,Y,주식등의대량보유상황보고서(일반),20250807000283,SchindlerHoldingAG,2025-08-07,
00147860,에스엠벡셀,010580,Y,임원ㆍ주요주주특정증권등소유상황보고서,20250807000277,에스엠하이플러스,2025-08-07,
01205842,HD현대건설기계,267270,Y,주요사항보고서(자기주식취득신탁계약해지결정),20250807000268,HD현대건설기계,2025-08-07,
00118521,진원생명과학,011000,Y,소송등의판결ㆍ결정              ,20250807800360,진원생명과학,2025-08-07,유
00136721,신영증권,001720,Y,분기보고서 (2025.06),20250807000275,신영증권,2025-08-07,
00164742,현대자동차,005380,Y,특수관계인으로부터기타유가증권매수,20250807000274,현대자동차,2025-08-07,공
00244455,케이티앤지,033780,Y,주식소각결정              ,20250807800353,케이티앤지,2025-08-07,유
00103626,한솔피엔에스,010420,Y,임시주주총회결과              ,20250807800343,한솔피엔에스,2025-08-07,유
00111722,미래에셋증권,006800,Y,증권발행실적보고서,20250807000262,미래에셋증권,2025-08-07,
00244455,케이티앤지,033780,Y,주요사항보고서(자기주식취득결정),20250807000253,케이티앤지,2025-08-07,
00671376,티웨이항공,091810,Y,주주명부폐쇄기간또는기준일설정              ,20250807800344,티웨이항공,2025-08-07,유
00671376,티웨이항공,091810,Y,주주총회소집결의              ,20250807800341,티웨이항공,2025-08-07,유
00131850,SK증권,001510,Y,일괄신고추가서류(파생결합사채-주가연계파생결합사채),20250807000259,SK증권,2025-08-07,
00503668,LIG넥스원,079550,Y,연결재무제표기준영업(잠정)실적(공정공시)              ,20250807800282,LIG넥스원,2025-08-07,유
00564562,엠씨넥스,097520,Y,연결재무제표기준영업(잠정)실적(공정공시)              ,20250807800320,엠씨넥스,2025-08-07,유
01363818,롯데리츠,330590,Y,주주총회소집결의              ,20250807800279,롯데리츠,2025-08-07,유
00111704,한화오션,042660,Y,[기재정정]타법인주식및출자증권취득결정              ,20250807800306,한화오션,2025-08-07,유
00111722,미래에셋증권,006800,Y,증권발행실적보고서,20250807000252,미래에셋증권,2025-08-07,
00155319,POSCO홀딩스,005490,Y,특수관계인에대한출자,20250807000251,POSCO홀딩스,2025-08-07,공
00671376,티웨이항공,091810,Y,특수관계인의유상증자참여,20250807000248,티웨이항공,2025-08-07,공
00111704,한화오션,042660,Y,[기재정정]유상증자결정(종속회사의주요경영사항)              ,20250807800298,한화오션,2025-08-07,유
00671376,티웨이항공,091810,Y,특수관계인의유상증자참여,20250807000247,티웨이항공,2025-08-07,공
00372882,KTcs,058850,Y,영업(잠정)실적(공정공시)              ,20250807800288,KTcs,2025-08-07,유
00372882,KTcs,058850,Y,연결재무제표기준영업(잠정)실적(공정공시)              ,20250807800284,KTcs,2025-08-07,유
00113234,대한제당,001790,Y,주요사항보고서(자기주식취득신탁계약해지결정),20250807000233,대한제당,2025-08-07,
00244455,케이티앤지,033780,Y,현금ㆍ현물배당결정              ,20250807800310,케이티앤지,2025-08-07,유
00671376,티웨이항공,091810,Y,주요사항보고서(자본으로인정되는채무증권발행결정),20250807000244,티웨이항공,2025-08-07,
01267170,SK케미칼,285130,Y,기업설명회(IR)개최(안내공시)              ,20250807800305,SK케미칼,2025-08-07,유
00904672,넷마블,251270,Y,연결재무제표기준영업(잠정)실적(공정공시)              ,20250807800297,넷마블,2025-08-07,유
01267170,SK케미칼,285130,Y,연결재무제표기준영업(잠정)실적(공정공시)              ,20250807800274,SK케미칼,2025-08-07,유
00244455,케이티앤지,033780,Y,현금ㆍ현물배당을위한주주명부폐쇄(기준일)결정              ,20250807800302,케이티앤지,2025-08-07,유
00203315,콘텐트리중앙,036420,Y,연결재무제표기준영업(잠정)실적(공정공시)              ,20250807800292,콘텐트리중앙,2025-08-07,유
01267170,SK케미칼,285130,Y,영업(잠정)실적(공정공시)              ,20250807800272,SK케미칼,2025-08-07,유
00244455,케이티앤지,033780,Y,연결재무제표기준영업(잠정)실적(공정공시)              ,20250807800275,케이티앤지,2025-08-07,유
00303873,CJ CGV,079160,Y,연결재무제표기준영업(잠정)실적(공정공시)              ,20250807800291,CJ CGV,2025-08-07,유
00118345,디아이동일,001530,Y,의결권대리행사권유참고서류,20250807000240,디아이동일,2025-08-07,
00171265,파라다이스,034230,Y,연결재무제표기준영업(잠정)실적(공정공시)              ,20250807800290,파라다이스,2025-08-07,유
00118345,디아이동일,001530,Y,주주총회소집공고,20250807000239,디아이동일,2025-08-07,
00671376,티웨이항공,091810,Y,주요사항보고서(자본으로인정되는채무증권발행결정),20250807000238,티웨이항공,2025-08-07,
00671376,티웨이항공,091810,Y,주요사항보고서(유상증자결정),20250807000232,티웨이항공,2025-08-07,
00203315,콘텐트리중앙,036420,Y,단기차입금증가결정(자회사의 주요경영사항)              ,20250807800283,콘텐트리중앙,2025-08-07,유
00156859,다올투자증권,030210,Y,주식등의대량보유상황보고서(약식),20250807000231,케이프투자증권,2025-08-07,
00120182,NH투자증권,005940,Y,증권발행실적보고서,20250807000230,NH투자증권,2025-08-07,
00114792,동국홀딩스,001230,Y,현금ㆍ현물배당결정              ,20250807800256,동국홀딩스,2025-08-07,유
00671376,티웨이항공,091810,Y,주요사항보고서(감자결정),20250807000223,티웨이항공,2025-08-07,
00152862,코오롱,002020,Y,[기재정정]현금ㆍ현물배당결정(자회사의 주요경영사항)              ,20250807800242,코오롱,2025-08-07,유
00557508,GKL,114090,Y,현금ㆍ현물배당을위한주주명부폐쇄(기준일)결정              ,20250807800265,GKL,2025-08-07,유
00671376,티웨이항공,091810,Y,매매거래정지및정지해제(중요내용공시)              ,20250807800257,유가증권시장본부,2025-08-07,유
00114792,동국홀딩스,001230,Y,주식등의대량보유상황보고서(일반),20250807000226,장세주,2025-08-07,
00557508,GKL,114090,Y,현금ㆍ현물배당결정              ,20250807800260,GKL,2025-08-07,유
00557508,GKL,114090,Y,연결재무제표기준영업(잠정)실적(공정공시)              ,20250807800252,GKL,2025-08-07,유
00155319,POSCO홀딩스,005490,Y,공정거래자율준수프로그램운영현황(안내공시)              ,20250807800246,POSCO홀딩스,2025-08-07,유
00106641,기아,000270,Y,임원ㆍ주요주주특정증권등소유상황보고서,20250807000222,곽치신,2025-08-07,
00296290,키움증권,039490,Y,증권발행실적보고서,20250807000218,키움증권,2025-08-07,
00159193,한국전력공사,015760,Y,기업설명회(IR)개최(안내공시)              ,20250807800244,한국전력공사,2025-08-07,유
00795135,코오롱인더,120110,Y,[기재정정]현금ㆍ현물배당결정              ,20250807800241,코오롱인더,2025-08-07,유
00106641,기아,000270,Y,임원ㆍ주요주주특정증권등소유상황보고서,20250807000216,송우섭,2025-08-07,
00137207,유니켐,011330,Y,[기재정정]사업보고서 (2024.12),20250807000215,유니켐,2025-08-07,
00159193,한국전력공사,015760,Y,결산실적공시예고(안내공시)              ,20250807800239,한국전력공사,2025-08-07,유
00113234,대한제당,001790,Y,신탁계약해지결과보고서,20250807000213,대한제당,2025-08-07,
00416654,유엔젤,072130,Y,임원ㆍ주요주주특정증권등소유상황보고서,20250807000212,차문호,2025-08-07,
01765256,동국씨엠,460850,Y,타인에대한채무보증결정(자율공시)              ,20250807800227,동국씨엠,2025-08-07,유
00416654,유엔젤,072130,Y,주식등의대량보유상황보고서(일반),20250807000208,박지향,2025-08-07,
00114792,동국홀딩스,001230,Y,현금ㆍ현물배당결정(자회사의 주요경영사항)              ,20250807800222,동국홀딩스,2025-08-07,유
01765256,동국씨엠,460850,Y,타인에대한채무보증결정(자율공시)              ,20250807800219,동국씨엠,2025-08-07,유
00416654,유엔젤,072130,Y,최대주주등소유주식변동신고서              ,20250807800224,유엔젤,2025-08-07,유
00219097,BGF,027410,Y,연결재무제표기준영업(잠정)실적(공정공시)              ,20250807800209,BGF,2025-08-07,유
01765265,동국제강,460860,Y,현금ㆍ현물배당결정              ,20250807800206,동국제강,2025-08-07,유
01263022,BGF리테일,282330,Y,연결재무제표기준영업(잠정)실적(공정공시)              ,20250807800200,BGF리테일,2025-08-07,유
00980122,JB금융지주,175330,Y,주식등의대량보유상황보고서(약식),20250807000200,오케이저축은행,2025-08-07,
00159218,한전KPS,051600,Y,연결재무제표기준영업(잠정)실적(공정공시)              ,20250807800184,한전KPS,2025-08-07,유
00152862,코오롱,002020,Y,현금ㆍ현물배당결정(자회사의 주요경영사항)              ,20250807800175,코오롱,2025-08-07,유정
00878915,iM금융지주,139130,Y,주식등의대량보유상황보고서(약식),20250807000188,오케이저축은행,2025-08-07,
00152862,코오롱,002020,Y,현금ㆍ현물배당을위한주주명부폐쇄(기준일)결정(자회사의 주요경영사항)              ,20250807800170,코오롱,2025-08-07,유
00123107,보락,002760,Y,영업(잠정)실적(공정공시)              ,20250807800159,보락,2025-08-07,유
00115694,DB증권,016610,Y,투자설명서(일괄신고),20250807000174,DB증권,2025-08-07,
00795135,코오롱인더,120110,Y,현금ㆍ현물배당결정              ,20250807800174,코오롱인더,2025-08-07,유정
00146269,일신방직,003200,Y,연결재무제표기준영업(잠정)실적(공정공시)              ,20250807800164,일신방직,2025-08-07,유
00795135,코오롱인더,120110,Y,현금ㆍ현물배당을위한주주명부폐쇄(기준일)결정              ,20250807800169,코오롱인더,2025-08-07,유
00115694,DB증권,016610,Y,일괄신고추가서류(파생결합사채-주가연계파생결합사채),20250807000159,DB증권,2025-08-07,
00136271,신성이엔지,011930,Y,연결재무제표기준영업(잠정)실적(공정공시)              ,20250807800146,신성이엔지,2025-08-07,유
00356361,LG화학,051910,Y,기타경영사항(자율공시)              ,20250807800144,LG화학,2025-08-07,유
00356361,LG화학,051910,Y,기타경영사항(자율공시)              ,20250807800130,LG화학,2025-08-07,유
00356361,LG화학,051910,Y,연결재무제표기준영업(잠정)실적(공정공시)              ,20250807800125,LG화학,2025-08-07,유
00182696,대한조선,439260,Y,임원ㆍ주요주주특정증권등소유상황보고서,20250807000122,케이에이치아이,2025-08-07,
00182696,대한조선,439260,Y,주식등의대량보유상황보고서(일반),20250807000118,케이에이치아이,2025-08-07,
00159698,지역난방공사,071320,Y,연결재무제표기준영업(잠정)실적(공정공시)              ,20250807800104,지역난방공사,2025-08-07,유
00136776,제이준코스메틱,025620,Y,대표이사(대표집행임원)변경(안내공시)              ,20250807800101,제이준코스메틱,2025-08-07,유
00105101,INVENI,015360,Y,주식등의대량보유상황보고서(일반),20250807000099,구자은,2025-08-07,
00154462,아모레퍼시픽홀딩스,002790,Y,최대주주등소유주식변동신고서              ,20250807800090,아모레퍼시픽홀딩스,2025-08-07,유
00154462,아모레퍼시픽홀딩스,002790,Y,주식등의대량보유상황보고서(일반),20250807000088,서경배,2025-08-07,
00164636,HDC,012630,Y,[기재정정]단일판매ㆍ공급계약체결(자회사의 주요경영사항)              ,20250807800071,HDC,2025-08-07,유
01310269,HDC현대산업개발,294870,Y,[기재정정]단일판매ㆍ공급계약체결              ,20250807800069,HDC현대산업개발,2025-08-07,유
00155319,POSCO홀딩스,005490,Y,지급수단별ㆍ지급기간별지급금액및분쟁조정기구에관한사항,20250807000061,POSCO홀딩스,2025-08-07,공
00121969,에쓰씨엔지니어링,023960,Y,임원ㆍ주요주주특정증권등소유상황보고서,20250807000056,김기웅,2025-08-07,
00111722,미래에셋증권,006800,Y,연결재무제표기준영업(잠정)실적(공정공시)              ,20250807800040,미래에셋증권,2025-08-07,유
01323032,케이카,381970,Y,기업설명회(IR)개최(안내공시)              ,20250807800042,케이카,2025-08-07,유
00139454,애경산업,018250,Y,주식등의대량보유상황보고서(일반),20250807000033,AK홀딩스,2025-08-07,
01323032,케이카,381970,Y,현금ㆍ현물배당을위한주주명부폐쇄(기준일)결정              ,20250807800029,케이카,2025-08-07,유
01323032,케이카,381970,Y,현금ㆍ현물배당결정              ,20250807800027,케이카,2025-08-07,유
00113359,교보증권,030610,Y,증권발행실적보고서,20250807000022,교보증권,2025-08-07,
01323032,케이카,381970,Y,영업(잠정)실적(공정공시)              ,20250807800025,케이카,2025-08-07,유
01319808,한일시멘트,300720,Y,투자설명서,20250807000005,한일시멘트,2025-08-07,
00258801,카카오,035720,Y,영업(잠정)실적(공정공시)              ,20250807800006,카카오,2025-08-07,유
00258801,카카오,035720,Y,연결재무제표기준영업(잠정)실적(공정공시)              ,20250807800005,카카오,2025-08-07,유
01319808,한일시멘트,300720,Y,효력발생안내( 2025.7.28. 제출 증권신고서(합병) ),20250728100005,금융감독원,2025-08-07,
00116268,동성제약,002210,Y,[첨부정정]의결권대리행사권유참고서류,20250806000376,나원균,2025-08-06,정
00128980,삼호개발,010960,Y,[기재정정]단일판매ㆍ공급계약체결              ,20250806800590,삼호개발,2025-08-06,유
00154462,아모레퍼시픽홀딩스,002790,Y,임원ㆍ주요주주특정증권등소유상황보고서,20250806000370,안재성,2025-08-06,
00983040,한진칼,180640,Y,[기재정정]신규시설투자등(자회사의 주요경영사항)              ,20250806800580,한진칼,2025-08-06,유
00302926,현대로템,064350,Y,거래처와의거래중단              ,20250806800583,현대로템,2025-08-06,유
00182696,대한조선,439260,Y,임원ㆍ주요주주특정증권등소유상황보고서,20250806000368,박관수,2025-08-06,
00154462,아모레퍼시픽홀딩스,002790,Y,임원ㆍ주요주주특정증권등소유상황보고서,20250806000367,이상목,2025-08-06,
00113526,대한항공,003490,Y,[기재정정]신규시설투자등              ,20250806800564,대한항공,2025-08-06,유
00182696,대한조선,439260,Y,임원ㆍ주요주주특정증권등소유상황보고서,20250806000364,도승필,2025-08-06,
01428203,케이씨씨글라스,344820,Y,연결재무제표기준영업(잠정)실적(공정공시)              ,20250806800544,케이씨씨글라스,2025-08-06,유
00161383,한미반도체,042700,Y,주주명부폐쇄기간또는기준일설정              ,20250806800537,한미반도체,2025-08-06,유
00154462,아모레퍼시픽홀딩스,002790,Y,임원ㆍ주요주주특정증권등소유상황보고서,20250806000363,서경배,2025-08-06,
00182696,대한조선,439260,Y,임원ㆍ주요주주특정증권등소유상황보고서,20250806000361,김승간,2025-08-06,
00366438,산일전기,062040,Y,임원ㆍ주요주주특정증권등소유상황보고서,20250806000358,최동헌,2025-08-06,
00583424,아모레퍼시픽,090430,Y,임원ㆍ주요주주특정증권등소유상황보고서,20250806000356,황영민,2025-08-06,
00139834,LG씨엔에스,064400,Y,현금ㆍ현물배당을위한주주명부폐쇄(기준일)결정              ,20250806800559,LG씨엔에스,2025-08-06,유
00139834,LG씨엔에스,064400,Y,현금ㆍ현물배당결정              ,20250806800554,LG씨엔에스,2025-08-06,유
00182696,대한조선,439260,Y,임원ㆍ주요주주특정증권등소유상황보고서,20250806000353,이상철,2025-08-06,
00583424,아모레퍼시픽,090430,Y,임원ㆍ주요주주특정증권등소유상황보고서,20250806000352,홍재욱,2025-08-06,
00583424,아모레퍼시픽,090430,Y,임원ㆍ주요주주특정증권등소유상황보고서,20250806000349,홍성봉,2025-08-06,
00182696,대한조선,439260,Y,임원ㆍ주요주주특정증권등소유상황보고서,20250806000347,노병억,2025-08-06,
00128980,삼호개발,010960,Y,[기재정정]단일판매ㆍ공급계약체결              ,20250806800535,삼호개발,2025-08-06,유
00583424,아모레퍼시픽,090430,Y,임원ㆍ주요주주특정증권등소유상황보고서,20250806000346,허정원,2025-08-06,
00126256,삼성생명,032830,Y,[기재정정]기업설명회(IR)개최(안내공시)              ,20250806800546,삼성생명,2025-08-06,유
00583424,아모레퍼시픽,090430,Y,임원ㆍ주요주주특정증권등소유상황보고서,20250806000344,최필경,2025-08-06,
00126566,한화에어로스페이스,012450,Y,동일인등출자계열회사와의상품ㆍ용역거래변경,20250806000343,한화에어로스페이스,2025-08-06,공
00120030,GS건설,006360,Y,[기재정정]단일판매ㆍ공급계약체결              ,20250806800521,GS건설,2025-08-06,유
00583424,아모레퍼시픽,090430,Y,임원ㆍ주요주주특정증권등소유상황보고서,20250806000342,채병근,2025-08-06,
00860332,메리츠금융지주,138040,Y,[기재정정]주권관련사채권의취득결정(자회사의 주요경영사항)              ,20250806800531,메리츠금융지주,2025-08-06,유
00583424,아모레퍼시픽,090430,Y,임원ㆍ주요주주특정증권등소유상황보고서,20250806000340,조영길,2025-08-06,
00161383,한미반도체,042700,Y,주주총회소집결의              ,20250806800502,한미반도체,2025-08-06,유
01032413,해성디에스,195870,Y,연결재무제표기준영업(잠정)실적(공정공시)              ,20250806800509,해성디에스,2025-08-06,유
00182696,대한조선,439260,Y,임원ㆍ주요주주특정증권등소유상황보고서,20250806000339,김종덕,2025-08-06,
00648721,SNT에너지,100840,Y,최대주주등소유주식변동신고서              ,20250806800532,SNT에너지,2025-08-06,유
00583424,아모레퍼시픽,090430,Y,임원ㆍ주요주주특정증권등소유상황보고서,20250806000336,정혜진,2025-08-06,
00115694,DB증권,016610,Y,최대주주등소유주식변동신고서              ,20250806800529,DB증권,2025-08-06,유
00648721,SNT에너지,100840,Y,주식등의대량보유상황보고서(일반),20250806000334,SNT홀딩스,2025-08-06,
00583424,아모레퍼시픽,090430,Y,임원ㆍ주요주주특정증권등소유상황보고서,20250806000333,정창욱,2025-08-06,
00648721,SNT에너지,100840,Y,임원ㆍ주요주주특정증권등소유상황보고서,20250806000331,SNT홀딩스,2025-08-06,
00182696,대한조선,439260,Y,임원ㆍ주요주주특정증권등소유상황보고서,20250806000330,송기명,2025-08-06,
00219486,신세계I&C,035510,Y,연결재무제표기준영업(잠정)실적(공정공시)              ,20250806800485,신세계I&C,2025-08-06,유
00583424,아모레퍼시픽,090430,Y,임원ㆍ주요주주특정증권등소유상황보고서,20250806000328,임운섭,2025-08-06,
00225159,SNT홀딩스,036530,Y,전환청구권ㆍ신주인수권ㆍ교환청구권행사              ,20250806800515,SNT홀딩스,2025-08-06,유
01363818,롯데리츠,330590,Y,증권발행실적보고서,20250806000324,롯데리츠,2025-08-06,
00583424,아모레퍼시픽,090430,Y,임원ㆍ주요주주특정증권등소유상황보고서,20250806000323,이혜진,2025-08-06,
00148948,조비,001550,Y,최대주주등소유주식변동신고서              ,20250806800506,조비,2025-08-06,유
00155212,포스코DX,022100,Y,임원ㆍ주요주주특정증권등소유상황보고서,20250806000319,최태환,2025-08-06,
00164779,SK하이닉스,000660,Y,임원ㆍ주요주주특정증권등소유상황보고서,20250806000318,박태진,2025-08-06,
00182696,대한조선,439260,Y,임원ㆍ주요주주특정증권등소유상황보고서,20250806000317,왕삼동,2025-08-06,
00126380,삼성전자,005930,Y,임원ㆍ주요주주특정증권등소유상황보고서,20250806000314,최용훈,2025-08-06,
00583424,아모레퍼시픽,090430,Y,임원ㆍ주요주주특정증권등소유상황보고서,20250806000313,이한숙,2025-08-06,
00583424,아모레퍼시픽,090430,Y,임원ㆍ주요주주특정증권등소유상황보고서,20250806000310,이창규,2025-08-06,
00134477,SNT다이내믹스,003570,Y,전환청구권ㆍ신주인수권ㆍ교환청구권행사              ,20250806800491,SNT다이내믹스,2025-08-06,유
00182696,대한조선,439260,Y,임원ㆍ주요주주특정증권등소유상황보고서,20250806000306,이석문,2025-08-06,
00583424,아모레퍼시픽,090430,Y,임원ㆍ주요주주특정증권등소유상황보고서,20250806000305,이상호,2025-08-06,
00583424,아모레퍼시픽,090430,Y,임원ㆍ주요주주특정증권등소유상황보고서,20250806000300,이명길,2025-08-06,
00115977,아이에스동서,010780,Y,주식등의대량보유상황보고서(일반),20250806000299,권혁운,2025-08-06,
00583424,아모레퍼시픽,090430,Y,임원ㆍ주요주주특정증권등소유상황보고서,20250806000298,유승철,2025-08-06,
01391033,NH프라임리츠,338100,Y,기타경영사항(자율공시)              ,20250806800459,NH프라임리츠,2025-08-06,유
01480780,NH올원리츠,400760,Y,기타경영사항(자율공시)              ,20250806800456,NH올원리츠,2025-08-06,유
01436558,신한서부티엔디리츠,404990,Y,매출액또는손익구조30%(대규모법인은15%)이상변경              ,20250806800449,신한서부티엔디리츠,2025-08-06,유
00545716,롯데렌탈,089860,Y,연결재무제표기준영업(잠정)실적(공정공시)              ,20250806800466,롯데렌탈,2025-08-06,유
00583424,아모레퍼시픽,090430,Y,임원ㆍ주요주주특정증권등소유상황보고서,20250806000292,심혜영,2025-08-06,
00878915,iM금융지주,139130,Y,유상증자결정(자회사의 주요경영사항)              ,20250806800445,iM금융지주,2025-08-06,유
00103176,흥국화재,000540,Y,지급수단별ㆍ지급기간별지급금액및분쟁조정기구에관한사항,20250806000290,흥국화재,2025-08-06,공
00939687,동일고무벨트,163560,Y,타인에대한채무보증결정              ,20250806800421,동일고무벨트,2025-08-06,유
00139834,LG씨엔에스,064400,Y,임원ㆍ주요주주특정증권등소유상황보고서,20250806000288,크리스탈코리아,2025-08-06,
00583424,아모레퍼시픽,090430,Y,임원ㆍ주요주주특정증권등소유상황보고서,20250806000287,서병휘,2025-08-06,
00145437,아센디오,012170,Y,조회공시요구(현저한시황변동)              ,20250806800458,유가증권시장본부,2025-08-06,유
01190568,에이피알,278470,Y,주식등의대량보유상황보고서(약식),20250806000284,MORGANSTANLEY&COINTLPLC,2025-08-06,
00583424,아모레퍼시픽,090430,Y,임원ㆍ주요주주특정증권등소유상황보고서,20250806000282,박원석,2025-08-06,
00139834,LG씨엔에스,064400,Y,주식등의대량보유상황보고서(일반),20250806000279,크리스탈코리아,2025-08-06,
01436558,신한서부티엔디리츠,404990,Y,부동산투자회사금전배당결정              ,20250806800429,신한서부티엔디리츠,2025-08-06,유
01562589,LX홀딩스,383800,Y,결산실적공시예고(안내공시)              ,20250806800452,LX홀딩스,2025-08-06,유
00583424,아모레퍼시픽,090430,Y,임원ㆍ주요주주특정증권등소유상황보고서,20250806000275,박대훈,2025-08-06,
00113535,대한해운,005880,Y,주주총회소집공고,20250806000273,대한해운,2025-08-06,
00115694,DB증권,016610,Y,임원ㆍ주요주주특정증권등소유상황보고서,20250806000272,DB손해보험,2025-08-06,
00136721,신영증권,001720,Y,증권발행실적보고서,20250806000271,신영증권,2025-08-06,
00583424,아모레퍼시픽,090430,Y,임원ㆍ주요주주특정증권등소유상황보고서,20250806000269,박두배,2025-08-06,
00102858,고려아연,010130,Y,영업(잠정)실적(공정공시)              ,20250806800428,고려아연,2025-08-06,유
00102858,고려아연,010130,Y,연결재무제표기준영업(잠정)실적(공정공시)              ,20250806800425,고려아연,2025-08-06,유
00583424,아모레퍼시픽,090430,Y,임원ㆍ주요주주특정증권등소유상황보고서,20250806000262,노은석,2025-08-06,
00136721,신영증권,001720,Y,증권발행실적보고서,20250806000260,신영증권,2025-08-06,
00111722,미래에셋증권,006800,Y,투자설명서(일괄신고),20250806000258,미래에셋증권,2025-08-06,
00136721,신영증권,001720,Y,증권발행실적보고서,20250806000252,신영증권,2025-08-06,
00583424,아모레퍼시픽,090430,Y,임원ㆍ주요주주특정증권등소유상황보고서,20250806000250,노병권,2025-08-06,
00109718,사조대림,003960,Y,최대주주등소유주식변동신고서              ,20250806800406,사조대림,2025-08-06,유
00939687,동일고무벨트,163560,Y,공정거래자율준수프로그램운영현황(안내공시)              ,20250806800345,동일고무벨트,2025-08-06,유
00109718,사조대림,003960,Y,임원ㆍ주요주주특정증권등소유상황보고서,20250806000246,사조산업,2025-08-06,
00136721,신영증권,001720,Y,증권발행실적보고서,20250806000245,신영증권,2025-08-06,
00633835,HJ중공업,097230,Y,임원ㆍ주요주주특정증권등소유상황보고서,20250806000244,에코프라임마린퍼시픽,2025-08-06,
00583424,아모레퍼시픽,090430,Y,임원ㆍ주요주주특정증권등소유상황보고서,20250806000242,김종하,2025-08-06,
00111722,미래에셋증권,006800,Y,일괄신고추가서류(파생결합사채-주가연계파생결합사채),20250806000241,미래에셋증권,2025-08-06,
00146542,일정실업,008500,Y,조회공시요구(현저한시황변동)              ,20250806800376,유가증권시장본부,2025-08-06,유
00136721,신영증권,001720,Y,증권발행실적보고서,20250806000235,신영증권,2025-08-06,
00583424,아모레퍼시픽,090430,Y,임원ㆍ주요주주특정증권등소유상황보고서,20250806000229,김영소,2025-08-06,
01391033,NH프라임리츠,338100,Y,의결권대리행사권유참고서류,20250806000228,NH프라임리츠,2025-08-06,
00155319,POSCO홀딩스,005490,Y,임원ㆍ주요주주특정증권등소유상황보고서,20250806000227,신건철,2025-08-06,
01669226,한화리츠,451800,Y,임원ㆍ주요주주특정증권등소유상황보고서,20250806000226,미래에셋자산운용,2025-08-06,
00113058,한화생명,088350,Y,주식등의대량보유상황보고서(일반),20250806000225,한화,2025-08-06,
01430475,코람코라이프인프라리츠,357120,Y,임원ㆍ주요주주특정증권등소유상황보고서,20250806000224,미래에셋자산운용,2025-08-06,
01180118,코람코더원리츠,417310,Y,임원ㆍ주요주주특정증권등소유상황보고서,20250806000223,미래에셋자산운용,2025-08-06,
00544452,이리츠코크렙,088260,Y,임원ㆍ주요주주특정증권등소유상황보고서,20250806000222,미래에셋자산운용,2025-08-06,
01276594,신한알파리츠,293940,Y,임원ㆍ주요주주특정증권등소유상황보고서,20250806000220,미래에셋자산운용,2025-08-06,
01475609,디앤디플랫폼리츠,377190,Y,임원ㆍ주요주주특정증권등소유상황보고서,20250806000219,미래에셋자산운용,2025-08-06,
01576102,미래에셋글로벌리츠,396690,Y,임원ㆍ주요주주특정증권등소유상황보고서,20250806000218,미래에셋자산운용,2025-08-06,
01535150,SK리츠,395400,Y,임원ㆍ주요주주특정증권등소유상황보고서,20250806000217,미래에셋자산운용,2025-08-06,
01391033,NH프라임리츠,338100,Y,주주총회소집공고,20250806000215,NH프라임리츠,2025-08-06,
00583424,아모레퍼시픽,090430,Y,임원ㆍ주요주주특정증권등소유상황보고서,20250806000214,김만규,2025-08-06,
00133858,세방전지,004490,Y,최대주주등소유주식변동신고서              ,20250806800353,세방전지,2025-08-06,유
00409672,티비에이치글로벌,084870,Y,최대주주등소유주식변동신고서              ,20250806800352,티비에이치글로벌,2025-08-06,유
00133858,세방전지,004490,Y,임원ㆍ주요주주특정증권등소유상황보고서,20250806000202,이영렬,2025-08-06,
00583424,아모레퍼시픽,090430,Y,임원ㆍ주요주주특정증권등소유상황보고서,20250806000197,김경연,2025-08-06,
00115612,동부건설,005960,Y,[기재정정]단일판매ㆍ공급계약체결              ,20250806800330,동부건설,2025-08-06,유
00124540,대우건설,047040,Y,타인에대한채무보증결정              ,20250806800336,대우건설,2025-08-06,유
00583424,아모레퍼시픽,090430,Y,임원ㆍ주요주주특정증권등소유상황보고서,20250806000191,강병영,2025-08-06,
00583424,아모레퍼시픽,090430,Y,임원ㆍ주요주주특정증권등소유상황보고서,20250806000185,강명구,2025-08-06,
00171636,한솔홀딩스,004150,Y,현금ㆍ현물배당결정(자회사의 주요경영사항)              ,20250806800309,한솔홀딩스,2025-08-06,유
00171636,한솔홀딩스,004150,Y,현금ㆍ현물배당을위한주주명부폐쇄(기준일)결정(자회사의 주요경영사항)              ,20250806800297,한솔홀딩스,2025-08-06,유
00583424,아모레퍼시픽,090430,Y,임원ㆍ주요주주특정증권등소유상황보고서,20250806000182,이지연,2025-08-06,
00413046,셀트리온,068270,Y,[기재정정]연결재무제표기준영업(잠정)실적(공정공시)              ,20250806800293,셀트리온,2025-08-06,유
00366438,산일전기,062040,Y,영업(잠정)실적(공정공시)              ,20250806800287,산일전기,2025-08-06,유
00112332,미래에셋생명,085620,Y,기업설명회(IR)개최(안내공시)              ,20250806800314,미래에셋생명,2025-08-06,유
01060744,한솔제지,213500,Y,현금ㆍ현물배당결정              ,20250806800308,한솔제지,2025-08-06,유
00432102,한국금융지주,071050,Y,연결재무제표기준영업(잠정)실적(공정공시)(자회사의 주요경영사항)              ,20250806800294,한국금융지주,2025-08-06,유
00344287,HD현대인프라코어,042670,Y,신탁계약해지결과보고서,20250806000177,HD현대인프라코어,2025-08-06,
00432102,한국금융지주,071050,Y,연결재무제표기준영업(잠정)실적(공정공시)              ,20250806800292,한국금융지주,2025-08-06,유
00110893,대신증권,003540,Y,증권발행실적보고서,20250806000176,대신증권,2025-08-06,
00155212,포스코DX,022100,Y,최대주주등소유주식변동신고서              ,20250806800301,포스코DX,2025-08-06,유
00453284,교촌에프앤비,339770,Y,주주명부폐쇄기간또는기준일설정              ,20250806800288,교촌에프앤비,2025-08-06,유
00583424,아모레퍼시픽,090430,Y,임원ㆍ주요주주특정증권등소유상황보고서,20250806000174,박종만,2025-08-06,
01060744,한솔제지,213500,Y,현금ㆍ현물배당을위한주주명부폐쇄(기준일)결정              ,20250806800296,한솔제지,2025-08-06,유
01430475,코람코라이프인프라리츠,357120,Y,의결권대리행사권유참고서류,20250806000172,코람코라이프인프라리츠,2025-08-06,
00583424,아모레퍼시픽,090430,Y,임원ㆍ주요주주특정증권등소유상황보고서,20250806000169,김승환,2025-08-06,
00160232,KSS해운,044450,Y,임원ㆍ주요주주특정증권등소유상황보고서,20250806000168,케이에스에스해운우리사주조합,2025-08-06,
01430475,코람코라이프인프라리츠,357120,Y,주주총회소집공고,20250806000167,코람코라이프인프라리츠,2025-08-06,
00269940,하나투어,039130,Y,연결재무제표기준영업(잠정)실적(공정공시)              ,20250806800267,하나투어,2025-08-06,유
00453284,교촌에프앤비,339770,Y,주주총회소집결의              ,20250806800272,교촌에프앤비,2025-08-06,유
01204056,하이브,352820,Y,연결재무제표기준영업(잠정)실적(공정공시)              ,20250806800271,하이브,2025-08-06,유
00296290,키움증권,039490,Y,지급수단별ㆍ지급기간별지급금액및분쟁조정기구에관한사항,20250806000166,키움증권,2025-08-06,공
00412597,현대홈쇼핑,057050,Y,연결재무제표기준영업(잠정)실적(공정공시)              ,20250806800247,현대홈쇼핑,2025-08-06,유
00583424,아모레퍼시픽,090430,Y,임원ㆍ주요주주특정증권등소유상황보고서,20250806000160,서경배,2025-08-06,
00164478,현대건설,000720,Y,[기재정정]단일판매ㆍ공급계약체결              ,20250806800260,현대건설,2025-08-06,유
00148610,한화투자증권,003530,Y,투자설명서(일괄신고),20250806000158,한화투자증권,2025-08-06,
00155355,풀무원,017810,Y,최대주주등소유주식변동신고서              ,20250806800257,풀무원,2025-08-06,유
00661847,화인베스틸,133820,Y,주식등의대량보유상황보고서(약식),20250806000155,엔에이치헤지자산운용,2025-08-06,
00155355,풀무원,017810,Y,주식등의대량보유상황보고서(일반),20250806000154,남승우,2025-08-06,
00173874,넥센타이어,002350,Y,기업설명회(IR)개최(안내공시)              ,20250806800243,넥센타이어,2025-08-06,유
00197759,미래산업,025560,Y,단일판매ㆍ공급계약체결              ,20250806800231,미래산업,2025-08-06,유
00508344,SK디앤디,210980,Y,현금ㆍ현물배당을위한주주명부폐쇄(기준일)결정              ,20250806800233,SK디앤디,2025-08-06,유
00296290,키움증권,039490,Y,투자설명서(일괄신고),20250806000140,키움증권,2025-08-06,
00508344,SK디앤디,210980,Y,현금ㆍ현물배당결정              ,20250806800230,SK디앤디,2025-08-06,유
00148610,한화투자증권,003530,Y,일괄신고추가서류(파생결합사채-주가연계파생결합사채),20250806000131,한화투자증권,2025-08-06,
00121932,미원상사,002840,Y,최대주주등소유주식변동신고서              ,20250806800219,미원상사,2025-08-06,유
00148610,한화투자증권,003530,Y,증권발행실적보고서,20250806000130,한화투자증권,2025-08-06,
00121932,미원상사,002840,Y,임원ㆍ주요주주특정증권등소유상황보고서,20250806000129,미원상사우리사주,2025-08-06,
00508344,SK디앤디,210980,Y,[기재정정]특수관계인에대한담보제공,20250806000126,SK디앤디,2025-08-06,공
00162063,한신공영,004960,Y,단일판매ㆍ공급계약체결              ,20250806800210,한신공영,2025-08-06,유
00296290,키움증권,039490,Y,일괄신고추가서류(기타파생결합사채),20250806000123,키움증권,2025-08-06,
00121969,에쓰씨엔지니어링,023960,Y,임원ㆍ주요주주특정증권등소유상황보고서,20250806000118,김기웅,2025-08-06,
00469799,이엔플러스,074610,Y,[기재정정]단일판매ㆍ공급계약체결              ,20250806800206,이엔플러스,2025-08-06,유
00108913,대교,019680,Y,임원ㆍ주요주주특정증권등소유상황보고서,20250806000116,변규숙,2025-08-06,
00113359,교보증권,030610,Y,증권발행실적보고서,20250806000113,교보증권,2025-08-06,
00113058,한화생명,088350,Y,최대주주등소유주식변동신고서              ,20250806800187,한화생명,2025-08-06,유
00104856,삼성증권,016360,Y,증권발행실적보고서,20250806000105,삼성증권,2025-08-06,
00104856,삼성증권,016360,Y,증권발행실적보고서,20250806000102,삼성증권,2025-08-06,
00105280,현대지에프홀딩스,005440,Y,현금ㆍ현물배당을위한주주명부폐쇄(기준일)결정(자회사의 주요경영사항)              ,20250806800166,현대지에프홀딩스,2025-08-06,유
00105280,현대지에프홀딩스,005440,Y,현금ㆍ현물배당결정(자회사의 주요경영사항)              ,20250806800163,현대지에프홀딩스,2025-08-06,유
00428251,현대백화점,069960,Y,현금ㆍ현물배당을위한주주명부폐쇄(기준일)결정              ,20250806800165,현대백화점,2025-08-06,유
00428251,현대백화점,069960,Y,현금ㆍ현물배당결정              ,20250806800162,현대백화점,2025-08-06,유
00428251,현대백화점,069960,Y,연결재무제표기준영업(잠정)실적(공정공시)              ,20250806800157,현대백화점,2025-08-06,유
00137997,현대차증권,001500,Y,투자설명서(일괄신고),20250806000092,현대차증권,2025-08-06,
00113359,교보증권,030610,Y,증권발행실적보고서,20250806000089,교보증권,2025-08-06,
00670340,씨에스윈드,112610,Y,단일판매ㆍ공급계약체결              ,20250806800142,씨에스윈드,2025-08-06,유
00113359,교보증권,030610,Y,증권발행실적보고서,20250806000087,교보증권,2025-08-06,
00113359,교보증권,030610,Y,증권발행실적보고서,20250806000086,교보증권,2025-08-06,
00633835,HJ중공업,097230,Y,[기재정정]단일판매ㆍ공급계약체결              ,20250806800141,HJ중공업,2025-08-06,유
00135917,한화손해보험,000370,Y,임원ㆍ주요주주특정증권등소유상황보고서,20250806000084,이재현,2025-08-06,
00241005,코오롱ENP,138490,Y,기업설명회(IR)개최(안내공시)              ,20250806800139,코오롱ENP,2025-08-06,유
00339391,한화시스템,272210,Y,동일인등출자계열회사와의상품ㆍ용역거래변경,20250806000082,한화시스템,2025-08-06,공
00415646,드림텍,192650,Y,[기재정정]주요사항보고서(자기주식취득신탁계약체결결정),20250806000081,드림텍,2025-08-06,
01649204,달바글로벌,483650,Y,기업설명회(IR)개최(안내공시)              ,20250806800136,달바글로벌,2025-08-06,유
00126380,삼성전자,005930,Y,임원ㆍ주요주주특정증권등소유상황보고서,20250806000064,여명구,2025-08-06,
00149354,종근당홀딩스,001630,Y,최대주주등소유주식변동신고서              ,20250806800126,종근당홀딩스,2025-08-06,유
00149354,종근당홀딩스,001630,Y,주식등의대량보유상황보고서(일반),20250806000063,이장한,2025-08-06,
00415646,드림텍,192650,Y,주요사항보고서(자기주식취득신탁계약체결결정),20250806000056,드림텍,2025-08-06,정
01437292,미래에셋맵스리츠,357250,Y,주주총회소집결의              ,20250806800093,미래에셋맵스리츠,2025-08-06,유
00241005,코오롱ENP,138490,Y,연결재무제표기준영업(잠정)실적(공정공시)              ,20250806800094,코오롱ENP,2025-08-06,유
00113359,교보증권,030610,Y,투자설명서(일괄신고),20250806000044,교보증권,2025-08-06,
00126308,삼성E&A,028050,Y,기타경영사항(자율공시)              ,20250806800088,삼성E&A,2025-08-06,유
00113359,교보증권,030610,Y,일괄신고추가서류(파생결합사채-주가연계파생결합사채),20250806000040,교보증권,2025-08-06,
00415646,드림텍,192650,Y,신탁계약해지결과보고서,20250806000039,드림텍,2025-08-06,
00415646,드림텍,192650,Y,주요사항보고서(자기주식취득신탁계약해지결정),20250806000032,드림텍,2025-08-06,
00113359,교보증권,030610,Y,투자설명서(일괄신고),20250806000027,교보증권,2025-08-06,
00137997,현대차증권,001500,Y,일괄신고추가서류(파생결합사채-주가연계파생결합사채),20250806000026,현대차증권,2025-08-06,
00480367,SK오션플랜트,100090,Y,주식등의대량보유상황보고서(일반),20250806000023,송무석,2025-08-06,
00113359,교보증권,030610,Y,일괄신고추가서류(파생결합사채-주가연계파생결합사채),20250806000022,교보증권,2025-08-06,
01311408,에코프로머티,450080,Y,영업(잠정)실적(공정공시)              ,20250806800047,에코프로머티,2025-08-06,유
01190568,에이피알,278470,Y,연결재무제표기준영업(잠정)실적(공정공시)              ,20250806800043,에이피알,2025-08-06,유
00113997,롯데에너지머티리얼즈,020150,Y,연결재무제표기준영업(잠정)실적(공정공시)              ,20250806800033,롯데에너지머티리얼즈,2025-08-06,유
00159023,SK텔레콤,017670,Y,연결재무제표기준영업(잠정)실적(공정공시)              ,20250806800032,SK텔레콤,2025-08-06,유
00159023,SK텔레콤,017670,Y,영업(잠정)실적(공정공시)              ,20250806800031,SK텔레콤,2025-08-06,유
01363818,롯데리츠,330590,Y,투자설명서,20250806000003,롯데리츠,2025-08-06,
01133217,카카오뱅크,323410,Y,영업(잠정)실적(공정공시)              ,20250806800006,카카오뱅크,2025-08-06,유
00344287,HD현대인프라코어,042670,Y,주요사항보고서(자기주식취득신탁계약해지결정),20250806000001,HD현대인프라코어,2025-08-06,
00120872,만호제강,001080,Y,[기재정정]분기보고서 (2025.03),20250805000324,만호제강,2025-08-05,
00113058,한화생명,088350,Y,대표이사(대표집행임원)변경(안내공시)              ,20250805800530,한화생명,2025-08-05,유
00113058,한화생명,088350,Y,임시주주총회결과              ,20250805800503,한화생명,2025-08-05,유
01363818,롯데리츠,330590,Y,[기재정정]부동산투자회사자금차입              ,20250805800518,롯데리츠,2025-08-05,유
00120872,만호제강,001080,Y,[기재정정]반기보고서 (2024.12),20250805000321,만호제강,2025-08-05,
00274933,신세계푸드,031440,Y,풍문또는보도에대한해명(미확정)              ,20250805800498,신세계푸드,2025-08-05,유
00120872,만호제강,001080,Y,[기재정정]분기보고서 (2024.09),20250805000315,만호제강,2025-08-05,
00105952,LS,006260,Y,단기차입금증가결정(자회사의 주요경영사항)              ,20250805800512,LS,2025-08-05,유
01363818,롯데리츠,330590,Y,[발행조건확정]증권신고서(채무증권),20250805000311,롯데리츠,2025-08-05,
00139889,SKC,011790,Y,특수관계인에대한자금대여,20250805000306,SKC,2025-08-05,공
00633835,HJ중공업,097230,Y,최대주주등소유주식변동신고서              ,20250805800495,HJ중공업,2025-08-05,유
00120872,만호제강,001080,Y,[기재정정]사업보고서 (2024.06),20250805000299,만호제강,2025-08-05,
01316236,효성화학,298000,Y,타인에대한채무보증결정              ,20250805800466,효성화학,2025-08-05,유
00860332,메리츠금융지주,138040,Y,주권관련사채권의취득결정(자회사의 주요경영사항)              ,20250805800463,메리츠금융지주,2025-08-05,유정
00858364,BNK금융지주,138930,Y,주식등의대량보유상황보고서(약식),20250805000296,"TheCapitalGroupCompanies,Inc.",2025-08-05,
00182696,대한조선,439260,Y,주식등의대량보유상황보고서(일반),20250805000295,안다에이치자산운용,2025-08-05,
00162063,한신공영,004960,Y,타인에대한채무보증결정              ,20250805800472,한신공영,2025-08-05,유
01316236,효성화학,298000,Y,타인에대한채무보증결정              ,20250805800459,효성화학,2025-08-05,유
00162063,한신공영,004960,Y,타법인주식및출자증권취득결정              ,20250805800461,한신공영,2025-08-05,유
00136721,신영증권,001720,Y,증권발행실적보고서,20250805000292,신영증권,2025-08-05,
00860332,메리츠금융지주,138040,Y,주권관련사채권의취득결정(자회사의 주요경영사항)              ,20250805800455,메리츠금융지주,2025-08-05,유
00155319,POSCO홀딩스,005490,Y,지주회사의자회사탈퇴              ,20250805800441,POSCO홀딩스,2025-08-05,유
00148610,한화투자증권,003530,Y,투자설명서(일괄신고),20250805000289,한화투자증권,2025-08-05,
00105280,현대지에프홀딩스,005440,Y,현금ㆍ현물배당을위한주주명부폐쇄(기준일)결정(자회사의 주요경영사항)              ,20250805800450,현대지에프홀딩스,2025-08-05,유
00105280,현대지에프홀딩스,005440,Y,현금ㆍ현물배당결정(자회사의 주요경영사항)              ,20250805800449,현대지에프홀딩스,2025-08-05,유
00105280,현대지에프홀딩스,005440,Y,주요사항보고서(자기주식취득결정)(자회사의 주요경영사항)              ,20250805800448,현대지에프홀딩스,2025-08-05,유
01721809,현대그린푸드,453340,Y,현금ㆍ현물배당을위한주주명부폐쇄(기준일)결정              ,20250805800433,현대그린푸드,2025-08-05,유
01721809,현대그린푸드,453340,Y,현금ㆍ현물배당결정              ,20250805800431,현대그린푸드,2025-08-05,유
01721809,현대그린푸드,453340,Y,주요사항보고서(자기주식취득결정),20250805000272,현대그린푸드,2025-08-05,
00117601,유안타증권,003470,Y,최대주주등소유주식변동신고서              ,20250805800438,유안타증권,2025-08-05,유
00148610,한화투자증권,003530,Y,일괄신고추가서류(파생결합증권-주가연계증권),20250805000279,한화투자증권,2025-08-05,
00137997,현대차증권,001500,Y,증권발행실적보고서,20250805000277,현대차증권,2025-08-05,
00117601,유안타증권,003470,Y,임원ㆍ주요주주특정증권등소유상황보고서,20250805000275,뤄즈펑,2025-08-05,
00126955,삼양식품,003230,Y,합병등종료보고서(합병),20250805000274,삼양식품,2025-08-05,
00633835,HJ중공업,097230,Y,주식등의대량보유상황보고서(일반),20250805000271,에코프라임마린퍼시픽,2025-08-05,
00137997,현대차증권,001500,Y,투자설명서(일괄신고),20250805000269,현대차증권,2025-08-05,
00105952,LS,006260,Y,[기재정정]타법인주식및출자증권취득결정(자회사의 주요경영사항)              ,20250805800409,LS,2025-08-05,유
01258507,롯데웰푸드,280360,Y,기업설명회(IR)개최(안내공시)              ,20250805800400,롯데웰푸드,2025-08-05,유
00110893,대신증권,003540,Y,증권발행실적보고서,20250805000256,대신증권,2025-08-05,
00106881,인디에프,014990,Y,최대주주등소유주식변동신고서              ,20250805800394,인디에프,2025-08-05,유
00500254,GS,078930,Y,최대주주등소유주식변동신고서              ,20250805800392,GS,2025-08-05,유
00154329,TP,007980,Y,주식등의대량보유상황보고서(일반),20250805000252,임석원,2025-08-05,
01159233,솔루엠,248070,Y,[첨부정정]지속가능경영보고서등관련사항(자율공시)              ,20250805800385,솔루엠,2025-08-05,유
00500254,GS,078930,Y,주식등의대량보유상황보고서(일반),20250805000250,허창수,2025-08-05,
01762569,이수스페셜티케미컬,457190,Y,신규시설투자등              ,20250805800381,이수스페셜티케미컬,2025-08-05,유
00138279,S-Oil,010950,Y,임원ㆍ주요주주특정증권등소유상황보고서,20250805000245,이현민,2025-08-05,
00159102,DB손해보험,005830,Y,기업설명회(IR)개최(안내공시)              ,20250805800376,DB손해보험,2025-08-05,유
00110893,대신증권,003540,Y,지속가능경영보고서등관련사항(자율공시)              ,20250805800357,대신증권,2025-08-05,유
00120182,NH투자증권,005940,Y,최대주주등소유주식변동신고서              ,20250805800343,NH투자증권,2025-08-05,유
00266961,NAVER,035420,Y,타법인주식및출자증권취득결정              ,20250805800320,NAVER,2025-08-05,유
00219097,BGF,027410,Y,지급수단별ㆍ지급기간별지급금액및분쟁조정기구에관한사항,20250805000225,BGF,2025-08-05,공
00113359,교보증권,030610,Y,투자설명서(일괄신고),20250805000222,교보증권,2025-08-05,
00126292,삼성카드,029780,Y,증권발행실적보고서,20250805000221,삼성카드,2025-08-05,
00106881,인디에프,014990,Y,주식등의대량보유상황보고서(일반),20250805000220,글로벌세아,2025-08-05,
00266961,NAVER,035420,Y,주식소각결정              ,20250805800311,NAVER,2025-08-05,유
00161116,HL D&I,014790,Y,결산실적공시예고(안내공시)              ,20250805800323,HL D&I,2025-08-05,유
01882845,GS피앤엘,499790,Y,연결재무제표기준영업(잠정)실적(공정공시)              ,20250805800294,GS피앤엘,2025-08-05,유
00113359,교보증권,030610,Y,일괄신고추가서류(파생결합사채-주가연계파생결합사채),20250805000208,교보증권,2025-08-05,
01060814,삼양패키징,272550,Y,신규시설투자등              ,20250805800290,삼양패키징,2025-08-05,유
00760971,크래프톤,259960,Y,임원ㆍ주요주주특정증권등소유상황보고서,20250805000207,임우열,2025-08-05,
00126937,삼양홀딩스,000070,Y,주식등의대량보유상황보고서(일반),20250805000205,김윤,2025-08-05,
00137997,현대차증권,001500,Y,일괄신고추가서류(파생결합사채-주가연계파생결합사채),20250805000203,현대차증권,2025-08-05,
00120526,롯데쇼핑,023530,Y,기업설명회(IR)개최(안내공시)              ,20250805800300,롯데쇼핑,2025-08-05,유
01669226,한화리츠,451800,Y,부동산투자회사자금차입              ,20250805800286,한화리츠,2025-08-05,유
00760971,크래프톤,259960,Y,최대주주등소유주식변동신고서              ,20250805800295,크래프톤,2025-08-05,유
00760971,크래프톤,259960,Y,주식등의대량보유상황보고서(일반),20250805000192,장병규,2025-08-05,
00231372,롯데관광개발,032350,Y,반기보고서 (2025.06),20250805000190,롯데관광개발,2025-08-05,
00129679,녹십자,006280,Y,공정거래자율준수프로그램운영현황(안내공시)              ,20250805800287,녹십자,2025-08-05,유
00300548,현대리바트,079430,Y,연결재무제표기준영업(잠정)실적(공정공시)              ,20250805800272,현대리바트,2025-08-05,유
01721809,현대그린푸드,453340,Y,자기주식취득결과보고서,20250805000170,현대그린푸드,2025-08-05,
00261285,한국가스공사,036460,Y,결산실적공시예고(안내공시)              ,20250805800263,한국가스공사,2025-08-05,유
01180118,코람코더원리츠,417310,Y,의결권대리행사권유참고서류,20250805000168,코람코더원리츠,2025-08-05,
01180118,코람코더원리츠,417310,Y,주주총회소집공고,20250805000164,코람코더원리츠,2025-08-05,
00173795,신흥,004080,Y,최대주주등소유주식변동신고서              ,20250805800257,신흥,2025-08-05,유
00220613,넥스틸,092790,Y,현금ㆍ현물배당결정              ,20250805800243,넥스틸,2025-08-05,유
00111722,미래에셋증권,006800,Y,증권발행실적보고서,20250805000157,미래에셋증권,2025-08-05,
00113359,교보증권,030610,Y,투자설명서(일괄신고),20250805000156,교보증권,2025-08-05,
01721809,현대그린푸드,453340,Y,연결재무제표기준영업(잠정)실적(공정공시)              ,20250805800222,현대그린푸드,2025-08-05,유
00220613,넥스틸,092790,Y,현금ㆍ현물배당을위한주주명부폐쇄(기준일)결정              ,20250805800225,넥스틸,2025-08-05,유
00163761,한창제지,009460,Y,주요사항보고서(전환사채권발행결정),20250805000155,한창제지,2025-08-05,
00120571,롯데칠성음료,005300,Y,기업설명회(IR)개최(안내공시)              ,20250805800238,롯데칠성음료,2025-08-05,유
01093007,LS에코에너지,229640,Y,타인에대한채무보증결정              ,20250805800233,LS에코에너지,2025-08-05,유
01093007,LS에코에너지,229640,Y,타인에대한채무보증결정              ,20250805800231,LS에코에너지,2025-08-05,유
01093007,LS에코에너지,229640,Y,타인에대한채무보증결정              ,20250805800228,LS에코에너지,2025-08-05,유
01244601,카카오페이,377300,Y,연결재무제표기준영업(잠정)실적(공정공시)              ,20250805800207,카카오페이,2025-08-05,유
01244601,카카오페이,377300,Y,영업(잠정)실적(공정공시)              ,20250805800206,카카오페이,2025-08-05,유
00113359,교보증권,030610,Y,일괄신고추가서류(파생결합사채-주가연계파생결합사채),20250805000153,교보증권,2025-08-05,
00113058,한화생명,088350,Y,임원ㆍ주요주주특정증권등소유상황보고서,20250805000151,신민식,2025-08-05,
00182696,대한조선,439260,Y,최대주주등소유주식변동신고서              ,20250805800213,대한조선,2025-08-05,유
00157991,한국석유공업,004090,Y,연결재무제표기준영업(잠정)실적(공정공시)              ,20250805800188,한국석유공업,2025-08-05,유
00107598,남양유업,003920,Y,임원ㆍ주요주주특정증권등소유상황보고서,20250805000147,허태관,2025-08-05,
00107598,남양유업,003920,Y,임원ㆍ주요주주특정증권등소유상황보고서,20250805000146,최정열,2025-08-05,
00161046,한독,002390,Y,공정거래자율준수프로그램운영현황(안내공시)              ,20250805800204,한독,2025-08-05,유
00107598,남양유업,003920,Y,임원ㆍ주요주주특정증권등소유상황보고서,20250805000143,이종찬,2025-08-05,
00164742,현대자동차,005380,Y,임원ㆍ주요주주특정증권등소유상황보고서,20250805000142,조선형,2025-08-05,
00107598,남양유업,003920,Y,임원ㆍ주요주주특정증권등소유상황보고서,20250805000141,이상욱,2025-08-05,
00633835,HJ중공업,097230,Y,단일판매ㆍ공급계약체결              ,20250805800193,HJ중공업,2025-08-05,유
00107598,남양유업,003920,Y,임원ㆍ주요주주특정증권등소유상황보고서,20250805000140,이동호,2025-08-05,
00107598,남양유업,003920,Y,임원ㆍ주요주주특정증권등소유상황보고서,20250805000137,양영일,2025-08-05,
00107598,남양유업,003920,Y,임원ㆍ주요주주특정증권등소유상황보고서,20250805000136,신현정,2025-08-05,
00107598,남양유업,003920,Y,임원ㆍ주요주주특정증권등소유상황보고서,20250805000134,서경민,2025-08-05,
00107598,남양유업,003920,Y,임원ㆍ주요주주특정증권등소유상황보고서,20250805000132,김현락,2025-08-05,
00107598,남양유업,003920,Y,임원ㆍ주요주주특정증권등소유상황보고서,20250805000130,김승언,2025-08-05,
01258507,롯데웰푸드,280360,Y,연결재무제표기준영업(잠정)실적(공정공시)              ,20250805800180,롯데웰푸드,2025-08-05,유
00111722,미래에셋증권,006800,Y,투자설명서(일괄신고),20250805000129,미래에셋증권,2025-08-05,
00126362,삼성SDI,006400,Y,최대주주등소유주식변동신고서              ,20250805800179,삼성SDI,2025-08-05,유
00154426,아이에이치큐,003560,Y,[기재정정]주요사항보고서(유상증자결정),20250805000120,아이에이치큐,2025-08-05,
00111722,미래에셋증권,006800,Y,일괄신고추가서류(파생결합증권-상장지수증권),20250805000118,미래에셋증권,2025-08-05,
00302926,현대로템,064350,Y,연결재무제표기준영업(잠정)실적(공정공시)              ,20250805800160,현대로템,2025-08-05,유
00117267,동양생명,082640,Y,기업설명회(IR)개최(안내공시)              ,20250805800155,동양생명,2025-08-05,유
00557508,GKL,114090,Y,영업(잠정)실적(공정공시)              ,20250805800149,GKL,2025-08-05,유
00118521,진원생명과학,011000,Y,[기재정정]의결권대리행사권유참고서류,20250805000105,진원생명과학,2025-08-05,
00118521,진원생명과학,011000,Y,[기재정정]주주총회소집공고,20250805000104,진원생명과학,2025-08-05,
00151128,모토닉,009680,Y,임원ㆍ주요주주특정증권등소유상황보고서,20250805000102,전완재,2025-08-05,
00164779,SK하이닉스,000660,Y,지급수단별ㆍ지급기간별지급금액및분쟁조정기구에관한사항,20250805000091,SK하이닉스,2025-08-05,공
00120076,LX인터내셔널,001120,Y,주식등의대량보유상황보고서(약식),20250805000085,한화자산운용,2025-08-05,
01205851,HD현대일렉트릭,267260,Y,임원ㆍ주요주주특정증권등소유상황보고서,20250805000082,안재한,2025-08-05,
00117498,스틱인베스트먼트,026890,Y,임원ㆍ주요주주특정증권등소유상황보고서,20250805000057,TheMiriStrategicEmergingMarketsFundLP,2025-08-05,
00165343,혜인,003010,Y,[기재정정]최대주주등소유주식변동신고서              ,20250805800074,혜인,2025-08-05,유
00878696,에스케이바이오팜,326030,Y,연결재무제표기준영업(잠정)실적(공정공시)              ,20250805800045,에스케이바이오팜,2025-08-05,유
00172291,더존비즈온,012510,Y,연결재무제표기준영업(잠정)실적(공정공시)              ,20250805800035,더존비즈온,2025-08-05,유
00164636,HDC,012630,Y,연결재무제표기준영업(잠정)실적(공정공시)              ,20250805800032,HDC,2025-08-05,유
00113207,대한전선,001440,Y,단일판매ㆍ공급계약체결              ,20250805800030,대한전선,2025-08-05,유
00878915,iM금융지주,139130,Y,효력발생안내( 2025.7.28. 제출 일괄신고서 ),20250728100004,금융감독원,2025-08-05,
